target_id	length	eff_length	est_counts	tpm
Blon_0001	1503	1304	1629	198.134
Blon_0002	387	188	1	0.843639
Blon_0003	1125	926	1368	234.309
Blon_0004	1239	1040	390	59.4766
Blon_0005	471	272	98	57.1441
Blon_0006	2130	1931	4125	338.81
Blon_0007	2652	2453	5587	361.24
Blon_0008	567	368	1563	673.637
Blon_0009	1422	1223	227	29.4384
Blon_0010	225	29.9375	15	79.4678
Blon_0011	1347	1148	4685	647.265
Blon_0012	291	92.0002	179	308.588
Blon_0013	279	80.003	135	267.635
Blon_0016	261	62.0706	5	12.7761
Blon_0017	645	446	21	7.46791
Blon_0018	276	77.0053	4	8.23861
Blon_R0001	76	3.6135	0	0
Blon_R0002	74	3.56892	0	0
Blon_0019	1263	1064	204	30.4091
Blon_0020	777	578	107	29.361
Blon_0021	804	605	168	44.0421
Blon_0022	765	566	176	49.3186
Blon_0023	939	740	334	71.5862
Blon_0024	870	671	626	147.968
Blon_0025	720	521	543	165.301
Blon_0026	1287	1088	473	68.952
Blon_0027	807	608	167	43.564
Blon_0028	1314	1115	279	39.6866
Blon_0029	480	281	4803	2710.95
Blon_0030	1344	1145	538	74.5232
Blon_0031	1137	938	167	28.2376
Blon_0034	630	431	135	49.6788
Blon_0035	564	365	796	345.887
Blon_0036	1917	1718	748	69.0547
Blon_0037	1287	1088	399	58.1646
Blon_0038	471	272	15	8.74655
Blon_0039	1356	1157	200.571	27.4948
Blon_0040	1245	1046	125	18.9537
Blon_0041	1563	1364	64	7.44184
Blon_0042	1023	824	97	18.6706
Blon_0043	1308	1109	74	10.5831
Blon_0044	906	707	33	7.40302
Blon_0045	879	680	23	5.36455
Blon_0046	1182	983	149	24.0407
Blon_0047	843	644	15	3.6942
Blon_0049	1224	1025	152	23.5198
Blon_0050	495	296	42	22.5046
Blon_0051	1650	1451	152	16.6146
Blon_0053	1713	1514	649	67.9882
Blon_0054	972	773	129	26.4682
Blon_0055	948	749	176	37.2688
Blon_0056	1920	1721	324	29.8592
Blon_0057	534	335	45	21.305
Blon_0058	639	440	109	39.2906
Blon_0059	2754	2555	12433	771.791
Blon_0060	1881	1682	494	46.5817
Blon_0061	1662	1463	217	23.525
Blon_0062	996	797	17	3.38302
Blon_0063	1482	1283	185	22.8697
Blon_0064	1092	893	1020	181.16
Blon_0065	387	188	369	311.303
Blon_0066	672	473	632	211.919
Blon_0067	1152	953	402	66.9033
Blon_0068	1398	1199	255	33.7315
Blon_0069	417	218	50	36.3771
Blon_0070	2526	2327	6561	447.186
Blon_0071	219	25.9389	196	1198.45
Blon_0072	855	656	312	75.4337
Blon_0073	471	272	682	397.677
Blon_0074	801	602	420	110.654
Blon_0075	1143	944	692	116.265
Blon_0076	645	446	612	217.636
Blon_0077	2088	1889	2870	240.971
Blon_0078	951	752	770	162.401
Blon_0079	1467	1268	1543	193.002
Blon_0080	1560	1361	1576	183.659
Blon_0081	1695	1496	2492	264.199
Blon_0082	525	326	719	349.805
Blon_0083	702	503	2012	634.417
Blon_0084	2373	2174	1636	119.354
Blon_0085	1092	893	609	108.163
Blon_0086	957	758	548	114.664
Blon_0087	1377	1178	3252	437.844
Blon_0088	2643	2444	5226	339.143
Blon_0089	975	776	597	122.019
Blon_0090	600	401	390	154.253
Blon_0091	951	752	366	77.193
Blon_0092	1173	974	713	116.103
Blon_0093	333	134	50	59.1807
Blon_0094	843	644	332	81.7649
Blon_0095	423	224	17	12.0369
Blon_0096	615	416	182	69.3893
Blon_0097	321	122	262	340.609
Blon_0098	348	149	210	223.536
Blon_0099	240	42.049	83	313.067
Blon_R0003	86	3.85692	0	0
Blon_0101	1314	1115	476	67.709
Blon_0102	2052	1853	14062	1203.61
Blon_0103	2163	1964	2301	185.819
Blon_0104	1302	1103	79	11.3597
Blon_0105	885	686	63	14.5657
Blon_0106	1116	917	62	10.7235
Blon_0107	813	614	50	12.9156
Blon_0108	711	512	51	15.7985
Blon_0109	975	776	137	28.001
Blon_0110	699	500	111	35.2101
Blon_0111	1722	1523	299	31.1377
Blon_0112	666	467	95	32.2642
Blon_0113	822	623	252	64.1545
Blon_0114	612	413	87	33.4106
Blon_0115	855	656	85	20.5508
Blon_0116	1452	1253	2321	293.791
Blon_0117	939	740	3424	733.866
Blon_R0004	74	3.56892	0	0
Blon_0118	1176	977	954	154.87
Blon_0119	639	440	346	124.721
Blon_0120	1089	890	633	112.805
Blon_0121	627	428	156	57.809
Blon_0122	189	13.1915	8	96.1853
Blon_0123	1287	1088	2898	422.458
Blon_0124	1515	1316	799	96.2954
Blon_0125	1041	842	344	64.7979
Blon_0126	396	197	85	68.4333
Blon_0127	1086	887	164	29.3248
Blon_0128	1527	1328	199	23.7667
Blon_0129	1638	1439	1305	143.835
Blon_0130	1368	1169	375	50.8782
Blon_0131	1053	854	1782	330.952
Blon_0132	594	395	299	120.057
Blon_0133	735	536	666	197.072
Blon_0134	567	368	822	354.273
Blon_0135	366	167	9	8.54753
Blon_0136	1053	854	2104	390.753
Blon_0137	1818	1619	990	96.9846
Blon_0138	1035	836	529	100.361
Blon_0139	2238	2039	2325	180.851
Blon_0140	2079	1880	69	5.82111
Blon_0141	1896	1697	7541	704.793
Blon_0142	687	488	2543	826.497
Blon_0143	1011	812	2052	400.808
Blon_0144	588	389	435	177.359
Blon_0145	1353	1154	143	19.6537
Blon_0146	1122	923	199	34.1953
Blon_0147	1500	1301	212	25.8448
Blon_0148	804	605	134	35.1289
Blon_0149	672	473	227	76.1166
Blon_0150	726	527	496	149.275
Blon_0151	951	752	35	7.38184
Blon_0152	1068	869	15	2.7377
Blon_0153	654	455	7	2.44006
Blon_0154	603	404	9	3.53326
Blon_0155	288	89.0004	2	3.56412
Blon_0156	387	188	8	6.74911
Blon_0157	378	179	11	9.74662
Blon_0158	1131	932	494	84.067
Blon_0159	600	401	100	39.5522
Blon_0160	2772	2573	1291	79.5795
Blon_0161	603	404	139	54.5693
Blon_0162	1134	935	115	19.5075
Blon_0163	492	293	35	18.9459
Blon_0164	765	566	651	182.423
Blon_0165	567	368	389	167.655
Blon_0166	1095	896	566	100.19
Blon_0167	621	422	334	125.53
Blon_0168	1581	1382	1057	121.306
Blon_0169	510	311	42	21.4192
Blon_0170	1917	1718	3965	366.045
Blon_0171	2322	2123	1841	137.537
Blon_0172	963	764	635	131.824
Blon_0173	3084	2885	2609	143.431
Blon_0174	702	503	270	85.1354
Blon_0175	1152	953	560	93.1987
Blon_0176	630	431	229	84.27
Blon_0177	261	62.0706	607	1551.02
Blon_0178	1650	1451	2137	233.589
Blon_0179	555	356	447	199.146
Blon_0180	1602	1403	2271	256.728
Blon_0181	1518	1319	5579	670.851
Blon_0182	348	149	315	335.304
Blon_0183	618	419	607	229.768
Blon_0184	1422	1223	220	28.5306
Blon_0185	1452	1253	1236	156.452
Blon_0186	660	461	185	63.6481
Blon_0187	909	710	423	94.4923
Blon_0188	876	677	564	132.131
Blon_0189	1128	929	1224	208.968
Blon_0190	417	218	70	50.9279
Blon_0191	1521	1322	3814	457.577
Blon_R0006	76	3.6135	0	0
Blon_R0007	75	3.59105	0	0
Blon_0192	498	299	122	64.7147
Blon_0193	849	650	119	29.0368
Blon_0194	714	515	145	44.6555
Blon_R0008	88	3.91013	0	0
Blon_0195	1644	1445	68	7.46373
Blon_0196	1929	1730	172	15.7687
Blon_0197	696	497	193	61.5907
Blon_0198	1269	1070	312	46.2472
Blon_0199	1305	1106	226	32.4092
Blon_0200	1224	1025	250	38.6839
Blon_0201	798	599	145	38.3933
Blon_0202	564	365	225	97.7697
Blon_0203	600	401	130	51.4178
Blon_0204	2163	1964	538	43.4466
Blon_0205	2631	2432	773	50.4116
Blon_0206	1287	1088	2216	323.039
Blon_0207	1530	1331	2501	298.023
Blon_0208	843	644	204	50.2411
Blon_0209	1026	827	442	84.7679
Blon_0210	1539	1340	846	100.134
Blon_R0009	76	3.6135	0	0
Blon_0211	567	368	97	41.806
Blon_0212	156	7.59116	0	0
Blon_0213	300	101	15	23.5551
Blon_0214	1263	1064	90	13.4158
Blon_0215	669	470	161	54.3304
Blon_0216	1167	968	249	40.798
Blon_0217	285	86.0009	18	33.1959
Blon_0218	1638	1439	1227	135.238
Blon_0219	1035	836	349	66.2115
Blon_0220	930	731	287	62.27
Blon_0221	294	95.0001	124	207.02
Blon_0222	1263	1064	1649	245.807
Blon_0223	1296	1097	1394	201.544
Blon_0224	339	140	237	268.494
Blon_0225	1842	1643	319	30.7941
Blon_0226	1446	1247	231	29.3806
Blon_0227	1461	1262	800	100.541
Blon_0228	1482	1283	685	84.6795
Blon_0229	753	554	281	80.4472
Blon_0230	288	89.0004	357	636.196
Blon_0231	1821	1622	2385	233.213
Blon_0232	837	638	299	74.3302
Blon_0233	1014	815	1517	295.218
Blon_0234	291	92.0002	1822	3141.04
Blon_0235	660	461	10079	3467.62
Blon_0236	249	50.3754	3126	9842.05
Blon_0237	447	248	7813	4996.67
Blon_R0010	74	3.56892	0	0
Blon_0238	237	39.4185	13	52.3068
Blon_0239	693	494	41	13.1635
Blon_0240	705	506	53	16.6127
Blon_0241	771	572	50	13.864
Blon_0242	933	734	30	6.48246
Blon_0243	603	404	122	47.8953
Blon_0244	1179	980	190	30.7498
Blon_0245	1206	1007	324	51.0305
Blon_0247	1218	1019	103	16.0316
Blon_0248	1350	1151	186.897	25.7539
Blon_0249	249	50.3754	2	6.29689
Blon_0250	735	536	524	155.053
Blon_0251	2667	2468	1286	82.6438
Blon_0252	282	83.0016	30	57.3257
Blon_0253	1425	1226	431	55.7573
Blon_0254	630	431	317	116.653
Blon_0255	849	650	271	66.1257
Blon_0256	363	164	23	22.2433
Blon_0257	969	770	12	2.47175
Blon_0258	351	152	946	987.102
Blon_0259	1542	1343	6029	712.006
Blon_0260	1500	1301	6186	754.132
Blon_0261	1065	866	2976	545.042
Blon_0262	315	116	420	574.256
Blon_0263	1872	1673	1092	103.524
Blon_0264	1614	1415	4565	511.681
Blon_0265	2064	1865	4350	369.935
Blon_0266	1149	950	693	115.698
Blon_0267	1446	1247	225	28.6174
Blon_0268	1821	1622	394	38.5265
Blon_0270	1359	1160	142	19.4153
Blon_0271	1464	1265	53	6.64508
Blon_0273	390	191	273	226.696
Blon_0274	2043	1844	1241	106.74
Blon_0275	2736	2537	9266	579.277
Blon_0276	1467	1268	519	64.9176
Blon_0277	687	488	212	68.9018
Blon_0278	801	602	955	251.606
Blon_0279	705	506	933	292.446
Blon_0280	579	380	1104	460.787
Blon_0281	495	296	3450	1848.6
Blon_0282	2094	1895	2508	209.91
Blon_0283	1968	1769	151	13.5383
Blon_0284	162	8.26769	1	19.1836
Blon_0285	735	536	2	0.591807
Blon_0286	348	149	0	0
Blon_0287	888	689	33.3047	7.66657
Blon_0288	1224	1025	92	14.2357
Blon_0290	501	302	5	2.6259
Blon_0291	396	197	3	2.41529
Blon_0292	552	353	19	8.53677
Blon_0293	216	24.1385	1	6.57059
Blon_0294	192	14.0216	0	0
Blon_0295	411	212	8	5.98506
Blon_0296	849	650	24	5.85615
Blon_0297	168	9.06081	1	17.5044
Blon_0298	1068	869	37	6.753
Blon_R0011	77	3.63627	0	0
Blon_0299	132	5.68809	0	0
Blon_0300	285	86.0009	112	206.552
Blon_0301	282	83.0016	56	107.008
Blon_0302	1035	836	326	61.848
Blon_0303	813	614	3434	887.047
Blon_0304	231	34.449	1149	5290.03
Blon_0305	519	320	6820	3380.25
Blon_0306	837	638	9593	2384.78
Blon_0307	1632	1433	28420	3145.52
Blon_0308	924	725	11416	2497.41
Blon_0309	1473	1274	21679	2698.89
Blon_0310	294	95.0001	2277	3801.49
Blon_0311	771	572	454	125.885
Blon_0312	990	791	984	197.303
Blon_0313	1071	872	1919	349.038
Blon_0314	1008	809	1555	304.857
Blon_0315	975	776	1249	255.279
Blon_0316	627	428	361	133.776
Blon_R0012	76	3.6135	0	0
Blon_0317	390	191	151	125.389
Blon_0318	993	794	718	143.423
Blon_0319	1002	803	1313	259.337
Blon_0320	1188	989	1813	290.748
Blon_0321	1167	968	245	40.1426
Blon_0322	948	749	52	11.0112
Blon_0323	822	623	42	10.6924
Blon_0324	1131	932	65	11.0614
Blon_0325	1044	845	304	57.06
Blon_0326	798	599	359	95.0566
Blon_0327	1434	1235	436	55.993
Blon_0328	717	518	168	51.4392
Blon_0329	1413	1214	298	38.9325
Blon_0330	495	296	33	17.6822
Blon_0331	210	20.9285	3	22.7352
Blon_R0013	73	3.5471	0	0
Blon_R0014	72	3.52559	0	0
Blon_R0015	76	3.6135	0	0
Blon_0332	345	146	985	1070.03
Blon_0334	324	125	87	110.388
Blon_0335	744	545	200	58.2034
Blon_0336	1278	1079	312	45.8614
Blon_0337	1017	818	984	190.79
Blon_0338	195	14.9308	2750	29212.2
Blon_0339	2835	2636	1498	90.1324
Blon_0340	519	320	20	9.91276
Blon_0341	912	713	58	12.9019
Blon_0342	978	779	67	13.6412
Blon_0343	1410	1211	20	2.61939
Blon_0344	630	431	3.65701	1.34575
Blon_0345	1224	1025	37	5.72522
Blon_0346	2025	1826	396.695	34.4565
Blon_0347	1179	980	113	18.288
Blon_0348	600	401	101.006	39.95
Blon_0349	612	413	131	50.3079
Blon_0350	816	617	270	69.4054
Blon_0351	1647	1448	991	108.547
Blon_0352	981	782	604	122.502
Blon_0353	876	677	1222	286.284
Blon_0354	678	479	795	263.237
Blon_0355	1560	1361	4803	559.718
Blon_0356	1344	1145	2325	322.056
Blon_0357	1173	974	1258	204.85
Blon_0358	1134	935	479	81.2528
Blon_0359	714	515	351	108.097
Blon_0360	1365	1166	489	66.5158
Blon_0361	1380	1181	842	113.078
Blon_0362	771	572	371	102.871
Blon_0363	1134	935	2614	443.413
Blon_0364	954	755	765	160.705
Blon_0365	999	800	1019	202.022
Blon_0366	780	581	797	217.569
Blon_0367	579	380	365	152.343
Blon_0368	2271	2072	797	61.0075
Blon_0372	921	722	920	202.099
Blon_0373	1056	857	870	161.01
Blon_0374	987	788	448	90.1709
Blon_0375	1266	1067	448	66.5929
Blon_0376	933	734	81	17.5026
Blon_0377	834	635	98	24.4775
Blon_0378	1968	1769	252	22.5937
Blon_0379	1218	1019	305	47.4723
Blon_0380	294	95.0001	38	63.4416
Blon_0381	615	416	974	371.347
Blon_0382	234	36.8813	3274	14079.5
Blon_0383	462	263	9933	5990.17
Blon_0384	798	599	456	120.74
Blon_0385	1395	1196	412	54.6362
Blon_0386	1101	902	449	78.9504
Blon_0387	630	431	209	76.9101
Blon_0388	1206	1007	584	91.981
Blon_0389	468	269	427	251.762
Blon_0390	1110	911	919	159.997
Blon_0391	1653	1454	2250	245.433
Blon_0392	909	710	241	53.8361
Blon_0393	1650	1451	1602	175.109
Blon_0394	729	530	373	111.621
Blon_0395	2277	2078	916	69.9141
Blon_0396	420	221	108	77.5079
Blon_0397	279	80.003	21	41.6321
Blon_0398	555	356	1111	494.97
Blon_0399	1932	1733	3115	285.085
Blon_0400	729	530	812	242.994
Blon_0401	195	14.9308	790	8391.87
Blon_0402	630	431	449	165.228
Blon_0403	891	692	784	179.69
Blon_0404	501	302	419	220.05
Blon_0405	294	95.0001	156	260.444
Blon_0406	1011	812	626	122.274
Blon_0407	429	230	44	30.3417
Blon_0408	627	428	189	70.0378
Blon_0409	1323	1124	755	106.536
Blon_0410	843	644	195	48.0246
Blon_0411	777	578	1272	349.039
Blon_0412	759	560	973	275.575
Blon_R0016	73	3.5471	0	0
Blon_0413	1269	1070	1220	180.838
Blon_0414	1311	1112	1252	178.572
Blon_0415	1281	1082	967	141.747
Blon_0416	1002	803	284	56.0941
Blon_R0017	84	3.8053	0	0
Blon_R0018	73	3.5471	0	0
Blon_0417	1698	1499	24321	2573.32
Blon_0418	1413	1214	406	53.0422
Blon_0419	1785	1586	417	41.7011
Blon_0420	366	167	5436	5162.71
Blon_0421	840	641	510	126.191
Blon_0422	840	641	259	64.085
Blon_0423	1116	917	265	45.8344
Blon_0425	1218	1019	103	16.0316
Blon_0426	1350	1151	207.103	28.5381
Blon_0427	1824	1625	2918	284.804
Blon_0431	2220	2021	327	25.6623
Blon_0432	1263	1064	201	29.9619
Blon_0433	738	539	79	23.2462
Blon_0434	408	209	8	6.07097
Blon_0435	1953	1754	47	4.24994
Blon_0436	648	449	25	8.83097
Blon_0437	405	206	2	1.53985
Blon_0438	618	419	42	15.8983
Blon_0439	1113	914	331	57.4376
Blon_0440	948	749	26	5.50562
Blon_0441	372	173	0	0
Blon_0442	717	518	370	113.289
Blon_0443	744	545	244	71.0081
Blon_0444	1311	1112	481	68.6049
Blon_0445	1590	1391	390	44.4685
Blon_0446	999	800	230	45.5987
Blon_0447	1089	890	50	8.91035
Blon_0448	1209	1010	4	0.628135
Blon_0449	1077	878	27	4.87735
Blon_0450	705	506	16	5.01515
Blon_0451	645	446	16	5.68984
Blon_0453	759	560	5	1.41611
Blon_0454	705	506	1051	329.433
Blon_0455	738	539	770	226.577
Blon_0456	498	299	40	21.2179
Blon_0457	348	149	3	3.19337
Blon_0458	1278	1079	33	4.85073
Blon_0459	2022	1823	138	12.0062
Blon_0460	870	671	22	5.20014
Blon_0463	660	461	24	8.25705
Blon_0464	1263	1064	178	26.5334
Blon_0465	363	164	21	20.3091
Blon_0466	399	200	23	18.2395
Blon_0467	1425	1226	94	12.1605
Blon_0468	804	605	30	7.86467
Blon_0469	594	395	7	2.81071
Blon_0470	2658	2459	27	1.74149
Blon_0471	744	545	23	6.69339
Blon_0472	1374	1175	84	11.3385
Blon_0473	1437	1238	83	10.6334
Blon_0474	753	554	38	10.879
Blon_0475	1752	1553	88	8.98723
Blon_0476	429	230	60	41.375
Blon_0477	273	74.0093	10	21.4303
Blon_0478	1590	1391	108	12.3143
Blon_0479	213	22.4695	6	42.3518
Blon_0480	609	410	42	16.2473
Blon_0481	708	509	52	16.2032
Blon_0482	1326	1127	96	13.5102
Blon_0483	270	71.016	0	0
Blon_0484	543	344	2	0.922117
Blon_0485	546	347	16	7.31316
Blon_0486	942	743	48	10.2463
Blon_0487	789	590	43	11.5593
Blon_0488	261	62.0706	80	204.418
Blon_0489	612	413	9	3.45626
Blon_0490	672	473	4	1.34126
Blon_0491	1185	986	3	0.482568
Blon_0492	1695	1496	7	0.742132
Blon_0493	1290	1091	11	1.59913
Blon_0494	465	266	6	3.57754
Blon_0495	1215	1016	11	1.71717
Blon_0496	1203	1004	8	1.26378
Blon_0497	1242	1043	21	3.19337
Blon_0498	1356	1157	200.571	27.4948
Blon_0499	1266	1067	14	2.08103
Blon_0500	1161	962	461	76.0047
Blon_0501	663	464	269	91.9494
Blon_0502	576	377	10	4.20701
Blon_0504	381	182	3	2.61435
Blon_0505	825	626	6	1.52017
Blon_0506	207	19.5103	0	0
Blon_0507	360	161	33	32.5089
Blon_0508	579	380	56	23.3732
Blon_0509	1302	1103	108	15.5297
Blon_0510	663	464	86	29.3965
Blon_0511	405	206	4	3.07969
Blon_0512	687	488	36	11.7003
Blon_0513	1053	854	28	5.20014
Blon_0514	729	530	11	3.29178
Blon_0515	1113	914	20	3.47055
Blon_0516	726	527	232	69.8219
Blon_0517	657	458	867.69	300.479
Blon_0518	729	530	811	242.694
Blon_0519	627	428	735	272.369
Blon_0520	720	521	189	57.5359
Blon_0521	1206	1007	116	18.2702
Blon_0522	873	674	94	22.1199
Blon_0523	672	473	29	9.72414
Blon_0524	4443	4244	139	5.19462
Blon_0525	741	542	369	107.98
Blon_0526	1206	1007	342	53.8656
Blon_0527	258	59.1108	15	40.2475
Blon_0528	435	236	21	14.1131
Blon_0529	240	42.049	6	22.6313
Blon_0530	597	398	70	27.8952
Blon_0531	528	329	47	22.6577
Blon_0532	1215	1016	141	22.011
Blon_0533	156	7.59116	0	0
Blon_0534	174	9.99669	0	0
Blon_0535	279	80.003	104	206.178
Blon_0536	465	266	201	119.848
Blon_R0019	75	3.59105	0	0
Blon_0537	861	662	374	89.6042
Blon_0538	1014	815	2583	502.668
Blon_R0020	74	3.56892	0	0
Blon_R0021	76	3.6135	0	0
Blon_0539	1305	1106	286	41.0134
Blon_0540	1152	953	10512	1749.47
Blon_0541	927	728	464	101.088
Blon_0542	1653	1454	1721	187.729
Blon_0543	1224	1025	1104	170.828
Blon_0544	918	719	511	112.721
Blon_0545	1674	1475	629	67.6353
Blon_0546	1491	1292	917	112.57
Blon_0547	1167	968	300	49.1542
Blon_0548	564	365	1728	750.871
Blon_0549	2094	1895	9705	812.271
Blon_0550	582	383	634	262.546
Blon_0551	876	677	931	218.11
Blon_0552	1413	1214	1544	201.717
Blon_0553	528	329	532	256.466
Blon_0554	906	707	519	116.429
Blon_0555	1680	1481	1990	213.114
Blon_0556	369	170	77	71.8384
Blon_0558	1188	989	155	24.8571
Blon_0559	753	554	51	14.6007
Blon_0560	843	644	68	16.747
Blon_0561	3030	2831	454	25.4349
Blon_0562	618	419	72	27.2542
Blon_0563	1200	1001	78.2853	12.404
Blon_0564	1767	1568	1743	176.306
Blon_R0022	77	3.63627	0	0
Blon_0565	951	752	2400	506.183
Blon_0567	849	650	169	41.2371
Blon_0568	420	221	68	48.8013
Blon_0569	801	602	29	7.6404
Blon_0570	303	104	10	15.2504
Blon_0571	180	11.1077	4	57.1148
Blon_0572	498	299	196	103.968
Blon_0573	1389	1190	1314	175.131
Blon_R0023	74	3.56892	0	0
Blon_0574	213	22.4695	1742	12296.1
Blon_0575	1089	890	1124	200.305
Blon_0576	885	686	312	72.1348
Blon_0577	1188	989	471	75.5334
Blon_0578	924	725	325	71.0984
Blon_0579	1083	884	439	78.7638
Blon_0580	864	665	405	96.5935
Blon_0581	705	506	332	104.064
Blon_0582	702	503	1000	315.316
Blon_0583	1284	1085	1078	157.581
Blon_0584	1554	1355	8991	1052.41
Blon_0585	651	452	881	309.138
Blon_0586	1419	1220	1416	184.085
Blon_0588	420	221	5	3.58833
Blon_0589	1815	1616	3071	301.407
Blon_0590	744	545	161	46.8537
Blon_0591	2175	1976	4806	385.755
Blon_0592	981	782	2231	452.488
Blon_0593	783	584	2794	758.801
Blon_0594	1293	1094	592	85.826
Blon_0595	1020	821	699	135.036
Blon_0596	1086	887	347	62.0469
Blon_0597	4272	4073	886	34.5012
Blon_0598	483	284	35	19.5463
Blon_0599	306	107	89	131.923
Blon_0600	516	317	131	65.543
Blon_0601	1056	857	304	56.261
Blon_0602	1224	1025	520	80.4626
Blon_0605	1113	914	547	94.9196
Blon_R0024	73	3.5471	0	0
Blon_0606	429	230	129	88.9562
Blon_0607	1857	1658	625	59.7875
Blon_0608	525	326	283	137.684
Blon_0609	1173	974	287	46.7345
Blon_0610	303	104	83	126.578
Blon_0611	1359	1160	571	78.0715
Blon_0612	2409	2210	6300	452.129
Blon_0613	729	530	384	114.913
Blon_0614	5115	4916	3726	120.211
Blon_0615	588	389	474	193.261
Blon_0616	1305	1106	1026	147.132
Blon_0617	1278	1079	2347	344.99
Blon_0619	288	89.0004	37	65.9362
Blon_0620	402	203	57	44.5342
Blon_0621	1206	1007	95	14.9627
Blon_0622	1356	1157	200.571	27.4948
Blon_0623	366	167	8	7.5978
Blon_0624	588	389	161	65.6434
Blon_0625	2271	2072	980	75.0155
Blon_0626	2202	2003	170	13.4612
Blon_0627	915	716	33	7.30997
Blon_0628	1878	1679	77	7.27369
Blon_0629	1419	1220	26	3.38009
Blon_0630	1488	1289	31	3.81437
Blon_0631	1812	1613	58	5.70306
Blon_0632	825	626	7	1.77353
Blon_0633	666	467	83	28.1887
Blon_0634	2169	1970	331	26.6487
Blon_0635	1959	1760	938	84.5288
Blon_0636	2016	1817	1462	127.617
Blon_0637	1041	842	159	29.9502
Blon_0638	939	740	5329	1142.16
Blon_0639	1416	1217	6085	793.021
Blon_0640	981	782	3012	610.89
Blon_0641	1011	812	521	101.764
Blon_0642	759	560	79	22.3745
Blon_0643	912	713	214	47.6035
Blon_0644	945	746	235	49.9624
Blon_0645	684	485	240	78.4845
Blon_0646	2283	2084	951	72.3765
Blon_0647	1569	1370	177	20.4912
Blon_0648	957	758	53	11.0897
Blon_0649	2145	1946	214	17.4416
Blon_0650	855	656	88	21.2762
Blon_0651	969	770	203	41.8138
Blon_0652	1212	1013	582	91.123
Blon_0653	3312	3113	7143	363.929
Blon_0654	366	167	10	9.49725
Blon_0655	927	728	33	7.18947
Blon_0656	1119	920	50	8.61979
Blon_0657	828	629	60	15.1292
Blon_0658	393	194	32	26.1615
Blon_0659	489	290	33	18.0481
Blon_0660	288	89.0004	7	12.4744
Blon_0661	1533	1334	286	34.0036
Blon_0662	222	27.8721	1	5.69043
Blon_0664	1020	821	182	35.1595
Blon_0665	1014	815	85	16.5415
Blon_0666	1971	1772	271	24.2561
Blon_0667	1248	1049	220	33.263
Blon_0668	1395	1196	119	15.7808
Blon_0669	1431	1232	90	11.5863
Blon_0670	429	230	12	8.275
Blon_0671	288	89.0004	14	24.9488
Blon_0672	681	482	28	9.21352
Blon_0674	648	449	88	31.085
Blon_0675	783	584	147	39.9226
Blon_0676	435	236	941.212	632.543
Blon_0677	384	185	17	14.5744
Blon_0679	282	83.0016	4565	8723.06
Blon_0680	2562	2363	1257	84.3696
Blon_0681	1437	1238	2330	298.504
Blon_0682	366	167	12	11.3967
Blon_0683	1548	1349	43	5.05558
Blon_0684	348	149	8	8.51566
Blon_0685	552	353	142	63.8011
Blon_0686	1032	833	493	93.8678
Blon_0687	1059	860	530	97.7444
Blon_0688	552	353	329	147.821
Blon_0689	951	752	677	142.786
Blon_0690	1080	881	930	167.426
Blon_0691	690	491	344	111.12
Blon_0692	684	485	707	231.202
Blon_0693	240	42.049	305	1150.43
Blon_0694	1626	1427	24328	2703.94
Blon_0695	291	92.0002	71	122.401
Blon_0696	807	608	514	134.083
Blon_0697	732	533	2706	805.221
Blon_0698	1992	1793	5177	457.944
Blon_0699	390	191	882	732.402
Blon_0700	1188	989	2773	444.701
Blon_0701	966	767	1161	240.077
Blon_0702	2586	2387	7901	524.982
Blon_0703	1794	1595	155	15.4129
Blon_0704	1473	1274	4870	606.281
Blon_0705	1401	1202	2544	335.681
Blon_0706	1800	1601	7386	731.699
Blon_0707	972	773	54	11.0797
Blon_0708	306	107	4	5.92913
Blon_0709	816	617	1008	259.113
Blon_0710	840	641	1219	301.62
Blon_0711	678	479	883	292.375
Blon_0712	1101	902	1332	234.214
Blon_0713	1533	1334	98	11.6516
Blon_0714	1086	887	428	76.5305
Blon_0715	2568	2369	1118	74.8499
Blon_0716	1398	1199	499	66.0079
Blon_0717	1458	1259	380	47.871
Blon_0718	987	788	593	119.356
Blon_0719	675	476	470	156.605
Blon_0720	366	167	325	308.661
Blon_0721	306	107	139	206.037
Blon_0722	2433	2234	408	28.9662
Blon_0723	654	455	184	64.1388
Blon_0724	1023	824	1106	212.884
Blon_0725	768	569	4707	1312.04
Blon_0726	1266	1067	362	53.8095
Blon_0727	786	587	322	87.0026
Blon_0728	2253	2054	978	75.5184
Blon_0729	3615	3416	2520	117.003
Blon_0730	2766	2567	1337	82.6076
Blon_0731	1119	920	588	101.369
Blon_0732	1956	1757	3361	303.397
Blon_0733	789	590	583	156.722
Blon_0734	768	569	289	80.5564
Blon_0735	567	368	2697	1162.38
Blon_0736	564	365	2546	1106.32
Blon_0737	1224	1025	3023	467.766
Blon_0738	3384	3185	12635	629.188
Blon_0739	921	722	1972	433.196
Blon_0740	591	392	378	152.94
Blon_0741	636	437	155	56.2555
Blon_0742	2256	2057	835	64.3823
Blon_0743	642	443	121	43.3208
Blon_0744	660	461	848	291.749
Blon_0745	675	476	656	218.581
Blon_0746	792	593	816	218.248
Blon_0747	903	704	1746	393.356
Blon_0748	1233	1034	2628	403.106
Blon_0749	252	53.2554	316	941.104
Blon_0750	789	590	213	57.2588
Blon_0751	804	605	126	33.0316
Blon_0752	1044	845	61	11.4495
Blon_0753	1164	965	169	27.7763
Blon_0754	1815	1616	280	27.4809
Blon_0755	1776	1577	286	28.764
Blon_0756	1203	1004	457	72.1933
Blon_0757	1296	1097	1491	215.569
Blon_0758	246	47.5399	144	480.418
Blon_0759	759	560	697	197.406
Blon_0760	813	614	876	226.282
Blon_0761	663	464	414	141.513
Blon_0762	918	719	676	149.119
Blon_0763	666	467	23	7.81134
Blon_0764	1836	1637	1477	143.102
Blon_0765	222	27.8721	31	176.403
Blon_0767	846	647	359	88.0045
Blon_0768	795	596	207	55.0857
Blon_0769	894	695	767	175.035
Blon_0770	738	539	463	136.241
Blon_0771	894	695	457	104.291
Blon_0772	225	29.9375	231	1223.8
Blon_0773	1656	1457	1983	215.863
Blon_0774	1575	1376	506	58.3239
Blon_0775	1737	1538	2251	232.131
Blon_0776	882	683	250	58.0542
Blon_0777	426	227	516	360.528
Blon_R0025	74	3.56892	0	0
Blon_0778	1704	1505	2240	236.062
Blon_0779	1191	992	1430	228.633
Blon_0780	1224	1025	3159	488.81
Blon_0781	1713	1514	3001	314.38
Blon_0782	720	521	241	73.3658
Blon_0783	789	590	626	168.282
Blon_0784	1200	1001	277	43.8895
Blon_0785	1071	872	1173	213.352
Blon_0786	783	584	1097	297.926
Blon_0787	1557	1358	20340	2375.56
Blon_0788	1326	1127	11991	1687.51
Blon_0789	1041	842	1469	276.71
Blon_0790	1398	1199	58	7.67226
Blon_0791	402	203	10	7.81301
Blon_0792	615	416	45	17.1567
Blon_0793	378	179	270	239.235
Blon_0794	819	620	903	230.999
Blon_0795	1209	1010	580	91.0796
Blon_0796	2754	2555	1738	107.888
Blon_0797	945	746	168	35.7178
Blon_0798	1473	1274	5288	658.319
Blon_0799	1245	1046	1355	205.458
Blon_0800	1212	1013	3985	623.927
Blon_0801	480	281	1212	684.086
Blon_0802	303	104	131	199.78
Blon_0803	1380	1181	8365	1123.39
Blon_0804	549	350	690	312.677
Blon_0805	963	764	597	123.935
Blon_0806	867	668	136	32.2907
Blon_0807	1047	848	62	11.5961
Blon_0808	2637	2438	24	1.56132
Blon_0809	3306	3107	77	3.93065
Blon_0810	4116	3917	161	6.51909
Blon_0811	429	230	7	4.82708
Blon_0812	1287	1088	24	3.49862
Blon_0813	339	140	22	24.9235
Blon_0814	1938	1739	422	38.4882
Blon_0815	1308	1109	51	7.29379
Blon_0816	528	329	51	24.5861
Blon_0817	3558	3359	1735	81.9227
Blon_0818	450	251	84	53.0787
Blon_0819	1878	1679	1614	152.464
Blon_R0026	1519	1320	55	6.60851
Blon_R0027	2858	2659	102273	6100.37
Blon_R0028	116	4.87155	0	0
Blon_0820	828	629	758	191.132
Blon_0821	1467	1268	352	44.0289
Blon_0822	294	95.0001	31	51.755
Blon_0823	1398	1199	1775	234.798
Blon_0824	1161	962	1682	277.31
Blon_0825	600	401	555	219.514
Blon_0826	795	596	879	233.915
Blon_0827	648	449	548	193.575
Blon_0828	726	527	456	137.236
Blon_0830	1338	1139	1572	218.899
Blon_0831	1212	1013	871	136.371
Blon_0832	924	725	3225	705.515
Blon_0833	1002	803	2498	493.391
Blon_0834	1668	1469	6690	722.302
Blon_0835	1683	1484	2293	245.067
Blon_0836	993	794	591	118.054
Blon_0837	4137	3938	2674	107.696
Blon_0838	657	458	154	53.3298
Blon_0839	1506	1307	611	74.1447
Blon_0840	963	764	7683	1594.97
Blon_0841	939	740	623	133.528
Blon_0842	726	527	258	77.6468
Blon_0843	360	161	162	159.589
Blon_0844	477	278	216	123.232
Blon_0845	1200	1001	1319	208.99
Blon_0846	2331	2132	2645	196.767
Blon_0847	522	323	621	304.932
Blon_0848	1080	881	1481	266.621
Blon_0849	450	251	470	296.988
Blon_0850	1803	1604	2757	272.613
Blon_0851	828	629	1614	406.975
Blon_0852	1452	1253	2721	344.423
Blon_0853	1086	887	1981	354.222
Blon_0854	1446	1247	2664	338.83
Blon_0855	1218	1019	1220	189.889
Blon_0856	1182	983	1450	233.953
Blon_0857	1539	1340	1829	216.483
Blon_0858	1065	866	889	162.817
Blon_R0029	393	194	107391	87797.2
Blon_0859	216	24.1385	40	262.824
Blon_0862	909	710	1564	349.376
Blon_0863	732	533	1129	335.955
Blon_0864	456	257	427.833	264.031
Blon_0865	285	86.0009	139	256.346
Blon_0866	297	98.0001	8	12.9473
Blon_0867	489	290	107	58.5195
Blon_0868	3120	2921	473	25.6829
Blon_0869	3165	2966	887	47.4315
Blon_0870	1626	1427	1036	115.146
Blon_0871	984	785	237	47.8843
Blon_0872	1182	983	415	66.959
Blon_0873	1722	1523	603	62.796
Blon_0874	1122	923	735	126.299
Blon_0875	1236	1037	740	113.179
Blon_0876	1329	1130	108	15.1586
Blon_0877	897	698	726	164.967
Blon_0878	1215	1016	228	35.5923
Blon_0879	915	716	2079	460.528
Blon_0880	1125	926	698	119.553
Blon_0881	813	614	14599	3771.11
Blon_0882	1284	1085	17411	2545.12
Blon_0883	1338	1139	1387	193.138
Blon_0884	912	713	458	101.88
Blon_0885	933	734	749	161.845
Blon_0886	180	11.1077	5	71.3935
Blon_0887	546	347	670	306.239
Blon_0888	1590	1391	1880	214.361
Blon_0889	981	782	11	2.231
Blon_0890	1626	1427	1309	145.489
Blon_0891	3678	3479	1373	62.5937
Blon_0892	996	797	847	168.554
Blon_0893	1554	1355	1657	193.954
Blon_0894	753	554	390	111.653
Blon_0895	321	122	109	141.704
Blon_0896	945	746	1315	279.577
Blon_0897	957	758	2430	508.454
Blon_0898	993	794	620	123.847
Blon_0899	543	344	514	236.984
Blon_0900	1059	860	30828	5685.41
Blon_0901	726	527	236	71.0258
Blon_0902	636	437	3918	1421.99
Blon_0903	195	14.9308	796	8455.61
Blon_0904	384	185	5682	4871.29
Blon_0905	927	728	556	121.132
Blon_0906	960	761	923	192.367
Blon_0907	915	716	241	53.3849
Blon_0908	717	518	147	45.0093
Blon_0909	828	629	260	65.5597
Blon_0910	1281	1082	378	55.4088
Blon_0911	1632	1433	414	45.8214
Blon_0912	894	695	148	33.7747
Blon_0913	1248	1049	159	24.0401
Blon_0914	1932	1733	6046	553.33
Blon_0915	1407	1208	112	14.705
Blon_0916	438	239	22	14.5995
Blon_0917	447	248	120	76.7439
Blon_0918	978	779	454	92.4343
Blon_0919	1065	866	400	73.2583
Blon_0920	258	59.1108	260	697.624
Blon_0921	1068	869	635	115.896
Blon_0922	1641	1442	13194	1451.2
Blon_0923	927	728	3252	708.49
Blon_0924	1005	806	4772	939.031
Blon_0925	2010	1811	8608	753.873
Blon_0926	861	662	180	43.125
Blon_0927	846	647	2716	665.794
Blon_0928	780	581	1735	473.629
Blon_0929	1269	1070	2968	439.941
Blon_0930	696	497	479	152.86
Blon_0931	2550	2351	7632	514.873
Blon_0932	2700	2501	5474	347.141
Blon_0933	363	164	28	27.0788
Blon_0934	495	296	56	30.0062
Blon_0935	2106	1907	1653	137.479
Blon_0936	651	452	157	55.0904
Blon_0938	684	485	1796	587.326
Blon_0939	1017	818	573	111.1
Blon_0940	732	533	929	276.441
Blon_0941	1455	1256	740	93.4451
Blon_0942	987	788	469	94.3977
Blon_0943	651	452	245	85.9691
Blon_0944	2943	2744	2558	147.853
Blon_0945	651	452	824	289.137
Blon_0946	534	335	614	290.695
Blon_0947	510	311	1561	796.081
Blon_0948	300	101	60	94.2203
Blon_0949	1257	1058	1795	269.087
Blon_0950	594	395	479	192.333
Blon_0951	663	464	2629	898.643
Blon_0952	2895	2696	7127	419.277
Blon_0953	633	434	577	210.863
Blon_0954	1047	848	633	118.392
Blon_0955	657	458	458	158.604
Blon_0956	702	503	797	251.307
Blon_0957	2271	2072	1993	152.557
Blon_0958	1083	884	394	70.6901
Blon_0959	663	464	14	4.78547
Blon_0960	1395	1196	2356	312.434
Blon_0961	2319	2120	2339	174.988
Blon_0962	1227	1028	322	49.6795
Blon_0963	990	791	1121	224.773
Blon_0964	4734	4535	931	32.5602
Blon_0965	789	590	274	73.6568
Blon_0966	2730	2531	1296	81.2133
Blon_0967	1290	1091	380	55.2425
Blon_0968	1092	893	651	115.623
Blon_0969	294	95.0001	538	898.199
Blon_0970	477	278	956	545.416
Blon_0971	2325	2126	2983	222.538
Blon_0972	540	341	1604	746.044
Blon_0973	405	206	87	66.9833
Blon_0974	1314	1115	310	44.0962
Blon_0975	843	644	157	38.6659
Blon_0977	648	449	60	21.1943
Blon_0978	1308	1109	601	85.9523
Blon_0980	1188	989	185	29.6681
Blon_0981	897	698	70	15.9059
Blon_0982	768	569	709	197.628
Blon_0983	1344	1145	82	11.3586
Blon_0984	519	320	12	5.94766
Blon_0985	954	755	563	118.27
Blon_0986	450	251	68	42.9685
Blon_R0031	73	3.5471	0	0
Blon_0987	249	50.3754	13	40.9298
Blon_0988	1263	1064	315	46.9552
Blon_0990	381	182	14	12.2003
Blon_0991	438	239	10	6.63616
Blon_0992	234	36.8813	6	25.8024
Blon_0993	243	44.7603	51	180.714
Blon_0994	1302	1103	118.538	17.045
Blon_0995	651	452	12	4.21073
Blon_0996	1956	1757	26	2.34702
Blon_0997	378	179	23	20.3793
Blon_0998	1137	938	80.9184	13.6823
Blon_0999	645	446	13	4.62299
Blon_1000	744	545	32	9.31254
Blon_1001	744	545	24	6.9844
Blon_1002	807	608	50	13.0431
Blon_1003	666	467	63	21.3963
Blon_1004	1365	1166	153	20.8117
Blon_1005	972	773	748	153.475
Blon_1006	936	737	201	43.2557
Blon_1007	405	206	1008	776.082
Blon_1008	1302	1103	238	34.2228
Blon_1009	846	647	342	83.8371
Blon_1010	951	752	826	174.211
Blon_1011	927	728	520	113.289
Blon_1012	2964	2765	6309	361.893
Blon_1013	780	581	53	14.4682
Blon_1014	1755	1556	69	7.03322
Blon_1015	972	773	193	39.5997
Blon_1016	567	368	158	68.0963
Blon_1017	819	620	719	183.93
Blon_1018	555	356	317	141.229
Blon_1019	1044	845	794	149.032
Blon_R0032	76	3.6135	0	0
Blon_1020	528	329	10	4.8208
Blon_1021	1068	869	13	2.37267
Blon_1022	390	191	4	3.32155
Blon_1023	1125	926	36	6.16604
Blon_1024	810	611	21	5.45121
Blon_1025	1266	1067	88	13.0808
Blon_1026	399	200	0	0
Blon_1027	720	521	6	1.82654
Blon_1028	903	704	3	0.67587
Blon_1029	1137	938	5	0.845438
Blon_1030	1800	1601	15	1.48599
Blon_1033	309	110	34	49.0231
Blon_1034	345	146	37	40.1942
Blon_1035	258	59.1108	10	26.8317
Blon_1036	348	149	20	21.2891
Blon_1037	285	86.0009	9	16.5979
Blon_1038	540	341	147	68.3719
Blon_1039	1116	917	227	39.2619
Blon_1042	1095	896	87	15.4002
Blon_1043	840	641	75	18.5574
Blon_1044	852	653	89	21.6168
Blon_1045	489	290	20	10.9382
Blon_1046	351	152	13	13.5648
Blon_1047	1386	1187	201	26.8571
Blon_1048	684	485	68	22.2373
Blon_R0033	73	3.5471	0	0
Blon_R0034	73	3.5471	0	0
Blon_1049	690	491	75	24.2267
Blon_1050	1632	1433	1144	126.618
Blon_1051	1221	1022	606	94.0451
Blon_1052	1125	926	1657	283.809
Blon_1053	492	293	100	54.1311
Blon_1054	2097	1898	3336	278.769
Blon_1055	489	290	882	482.375
Blon_1056	846	647	12189	2987.98
Blon_1057	852	653	13886	3372.71
Blon_1058	741	542	3205	937.871
Blon_1059	552	353	3136	1409.02
Blon_1060	987	788	3603	725.191
Blon_1061	1170	971	872	142.433
Blon_1062	444	245	64	41.4313
Blon_1063	771	572	453	125.608
Blon_1064	411	212	139	103.99
Blon_1065	1557	1358	1269	148.21
Blon_1066	648	449	215	75.9463
Blon_1067	954	755	234	49.1568
Blon_1068	729	530	164	49.0775
Blon_1069	1602	1403	918	103.777
Blon_1070	708	509	326	101.581
Blon_1071	852	653	24	5.82925
Blon_1072	261	62.0706	25	63.8806
Blon_1073	276	77.0053	4	8.23861
Blon_1076	315	116	1	1.36728
Blon_1077	246	47.5399	3	10.0087
Blon_1078	654	455	10	3.48581
Blon_1079	1626	1427	705	78.3573
Blon_1080	663	464	199	68.022
Blon_1081	3555	3356	1459	68.9522
Blon_1082	2934	2735	2364	137.09
Blon_1083	2367	2168	784	57.355
Blon_1084	972	773	812	166.606
Blon_1085	987	788	756	152.163
Blon_1086	951	752	1476	311.303
Blon_1087	1206	1007	14072	2216.36
Blon_1088	804	605	1891	495.736
Blon_1089	249	50.3754	1143	3598.68
Blon_1090	1014	815	1065	207.256
Blon_1091	852	653	809	196.494
Blon_1092	1476	1277	710	88.1824
Blon_1093	1359	1160	667	91.1974
Blon_1094	1359	1160	1305	178.43
Blon_1095	1104	905	37372	6549.56
Blon_1096	2109	1910	65786	5462.79
Blon_1097	1119	920	554	95.5073
Blon_1098	1146	947	1575	263.782
Blon_1099	261	62.0706	3	7.66567
Blon_1100	1245	1046	32	4.85213
Blon_1101	381	182	8	6.97161
Blon_1102	294	95.0001	3	5.00855
Blon_1103	4476	4277	118	4.3758
Blon_1104	1221	1022	42	6.51798
Blon_1105	900	701	56	12.6702
Blon_1106	900	701	44	9.95518
Blon_1107	3354	3155	32	1.60866
Blon_1108	297	98.0001	2	3.23682
Blon_1109	495	296	8	4.2866
Blon_1110	243	44.7603	0	0
Blon_1111	537	338	9	4.22319
Blon_1112	408	209	5	3.79436
Blon_1113	390	191	9	7.47349
Blon_1114	372	173	7	6.41751
Blon_1115	420	221	12	8.61199
Blon_1116	888	689	20	4.60389
Blon_1117	669	470	8	2.69965
Blon_1118	870	671	7	1.65459
Blon_1119	1434	1235	25	3.21061
Blon_1120	1620	1421	50	5.58072
Blon_1121	537	338	3	1.40773
Blon_1122	495	296	4	2.1433
Blon_1123	777	578	25	6.86004
Blon_1124	513	314	26	13.1328
Blon_1125	243	44.7603	5	17.717
Blon_1126	186	12.4336	1	12.7561
Blon_1127	375	176	6	5.40696
Blon_1128	2283	2084	48	3.65307
Blon_1129	177	10.528	0	0
Blon_1130	825	626	28	7.09412
Blon_1131	933	734	11	2.3769
Blon_1132	399	200	1	0.793021
Blon_1133	384	185	1	0.85732
Blon_1134	330	131	2	2.42144
Blon_1135	429	230	2	1.37917
Blon_1136	264	65.044	1	2.43841
Blon_1137	342	143	2	2.21824
Blon_1138	234	36.8813	0	0
Blon_1139	279	80.003	0	0
Blon_1140	810	611	10	2.59581
Blon_1141	303	104	3	4.57512
Blon_1142	279	80.003	0	0
Blon_1143	396	197	93	74.874
Blon_1144	324	125	138	175.099
Blon_1145	1065	866	812	148.714
Blon_1146	2055	1856	1326	113.313
Blon_1147	690	491	470	151.821
Blon_1148	618	419	437	165.418
Blon_1149	1176	977	126	20.4546
Blon_1150	792	593	282	75.4239
Blon_1151	885	686	1261	291.545
Blon_1152	858	659	456	109.747
Blon_R0035	76	3.6135	0	0
Blon_R0036	71	3.50437	0	0
Blon_R0037	75	3.59105	0	0
Blon_R0038	73	3.5471	0	0
Blon_R0039	76	3.6135	0	0
Blon_1153	2034	1835	7257	627.243
Blon_1154	588	389	1657	675.597
Blon_1155	756	557	6010	1711.33
Blon_1156	585	386	930	382.129
Blon_1157	627	428	1591	589.578
Blon_1158	1065	866	1924	352.372
Blon_1159	447	248	1509	965.055
Blon_1160	582	383	2079	860.935
Blon_1161	1203	1004	3234	510.882
Blon_1162	912	713	2575	572.799
Blon_1163	1380	1181	2561	343.933
Blon_1164	1554	1355	8432	986.974
Blon_1165	969	770	3558	732.875
Blon_1166	771	572	1117	309.722
Blon_1167	2130	1931	3615	296.921
Blon_R0040	77	3.63627	0	0
Blon_1168	1110	911	87	15.1466
Blon_1169	1530	1331	3145	374.763
Blon_1170	1914	1715	6089	563.114
Blon_1171	318	119	207	275.891
Blon_1172	2592	2393	1901	125.995
Blon_1173	348	149	506	538.615
Blon_1174	720	521	478	145.514
Blon_1175	234	36.8813	29	124.712
Blon_1176	249	50.3754	15	47.2267
Blon_1177	1395	1196	58	7.69151
Blon_1178	417	218	8	5.82034
Blon_1179	1323	1124	195	27.5158
Blon_1180	579	380	88	36.7294
Blon_1181	1065	866	37	6.77639
Blon_1182	876	677	28	6.5597
Blon_1183	282	83.0016	6	11.4651
Blon_1184	2412	2213	189	13.5455
Blon_1185	420	221	31	22.2476
Blon_1186	291	92.0002	22	37.927
Blon_1187	459	260	40	24.4006
Blon_1188	213	22.4695	22	155.29
Blon_1189	828	629	68	17.1464
Blon_1190	411	212	28	20.9477
Blon_1191	747	548	27	7.81444
Blon_1192	429	230	19	13.1021
Blon_1193	1881	1682	123	11.5983
Blon_1194	1314	1115	48	6.8278
Blon_1195	1458	1259	77	9.70017
Blon_1197	681	482	26	8.55541
Blon_1198	774	575	49	13.5158
Blon_1199	342	143	13	14.4186
Blon_1200	918	719	74	16.3237
Blon_1201	930	731	122	26.4702
Blon_1202	870	671	191	45.1466
Blon_1203	180	11.1077	20	285.574
Blon_1204	720	521	59	17.9609
Blon_1205	1014	815	90	17.5146
Blon_1206	354	155	40	40.9301
Blon_1207	396	197	45	36.2294
Blon_1208	2943	2744	351	20.2879
Blon_1209	762	563	52	14.6491
Blon_1210	702	503	39	12.2973
Blon_1211	387	188	9	7.59275
Blon_1212	669	470	59	19.9099
Blon_1213	459	260	33	20.1305
Blon_1214	552	353	26	11.6819
Blon_1215	1317	1118	158	22.4145
Blon_1216	525	326	25	12.1629
Blon_1217	1083	884	86	15.4298
Blon_1218	564	365	33	14.3396
Blon_1219	498	299	13	6.89583
Blon_1220	984	785	7	1.4143
Blon_1221	2643	2444	120	7.78744
Blon_1222	918	719	89	19.6325
Blon_1223	696	497	36	11.4884
Blon_1224	375	176	5	4.5058
Blon_1225	483	284	55	30.7156
Blon_1226	1323	1124	249	35.1356
Blon_1227	2946	2747	571	32.968
Blon_1229	1011	812	870	169.933
Blon_1230	759	560	634	179.563
Blon_1231	327	128	69	85.4976
Blon_1232	993	794	2160.27	431.521
Blon_1233	972	773	507.73	104.176
Blon_1234	684	485	121	39.5693
Blon_1235	402	203	46	35.9399
Blon_1236	324	125	22	27.9143
Blon_1237	558	359	136	60.084
Blon_1238	576	377	827	347.919
Blon_1239	1449	1250	524	66.4869
Blon_1240	396	197	38	30.5937
Blon_1241	1200	1001	45.334	7.18298
Blon_1242	4149	3950	733	29.4321
Blon_1243	261	62.0706	26	66.4358
Blon_1244	1317	1118	160	22.6983
Blon_1245	807	608	79	20.6081
Blon_1246	1272	1073	80	11.8251
Blon_1247	276	77.0053	20	41.193
Blon_1248	663	464	97	33.1565
Blon_1249	1074	875	261	47.3094
Blon_1250	2370	2171	147	10.7392
Blon_1251	906	707	50	11.2167
Blon_1252	411	212	14	10.4739
Blon_1253	792	593	40	10.6984
Blon_1254	591	392	29	11.7335
Blon_1255	1665	1466	141	15.2546
Blon_1256	294	95.0001	18	30.0513
Blon_1257	1275	1076	68	10.0233
Blon_1258	3297	3098	108	5.52913
Blon_1259	2922	2723	3703	215.685
Blon_1260	210	20.9285	81	613.85
Blon_1261	6585	6386	767	19.0494
Blon_1262	684	485	51	16.678
Blon_1263	2514	2315	179	12.2636
Blon_1264	249	50.3754	7	22.0391
Blon_R0041	85	3.83091	0	0
Blon_R0042	74	3.56892	0	0
Blon_R0043	76	3.6135	0	0
Blon_R0044	73	3.5471	0	0
Blon_R0045	75	3.59105	0	0
Blon_R0046	75	3.59105	0	0
Blon_R0047	79	3.6828	0	0
Blon_R0048	75	3.59105	0	0
Blon_R0049	76	3.6135	0	0
Blon_R0050	75	3.59105	0	0
Blon_R0051	85	3.83091	0	0
Blon_R0052	78	3.65937	0	0
Blon_R0053	88	3.91013	0	0
Blon_R0054	71	3.50437	0	0
Blon_R0055	73	3.5471	0	0
Blon_R0056	76	3.6135	0	0
Blon_R0057	75	3.59105	0	0
Blon_R0058	77	3.63627	0	0
Blon_R0059	67	3.42238	0	0
Blon_1265	213	22.4695	23	162.349
Blon_1266	243	44.7603	28	99.2154
Blon_1267	384	185	9	7.71588
Blon_1268	456	257	12	7.40564
Blon_1269	285	86.0009	8	14.7537
Blon_1270	294	95.0001	16	26.7122
Blon_1271	327	128	39	48.3247
Blon_1272	306	107	10	14.8228
Blon_1273	531	332	46	21.9753
Blon_1274	267	68.0268	12	27.9779
Blon_1275	291	92.0002	6	10.3437
Blon_1276	1011	812	52	10.1569
Blon_1277	612	413	129	49.5398
Blon_1278	567	368	44	18.9635
Blon_1279	615	416	48	18.3005
Blon_1280	1056	857	78	14.4354
Blon_1281	540	341	8	3.72092
Blon_1282	303	104	3	4.57512
Blon_1283	363	164	19	18.3749
Blon_1284	255	56.1701	6	16.9418
Blon_1285	507	308	24	12.3588
Blon_1286	225	29.9375	7	37.085
Blon_1287	597	398	19	7.57156
Blon_1288	738	539	259	76.2124
Blon_1289	360	161	18	17.7321
Blon_1290	519	320	28	13.8779
Blon_1291	408	209	10	7.58872
Blon_1292	537	338	15	7.03865
Blon_1293	489	290	13	7.10984
Blon_1294	300	101	4	6.28135
Blon_1295	423	224	13	9.20471
Blon_1296	219	25.9389	3	18.3436
Blon_1297	366	167	8	7.5978
Blon_1298	864	665	19	4.53155
Blon_1299	177	10.528	1	15.0649
Blon_1300	816	617	63	16.1946
Blon_1301	552	353	25	11.2326
Blon_1302	243	44.7603	5	17.717
Blon_1303	1272	1073	59	8.72101
Blon_1304	273	74.0093	3	6.42909
Blon_1305	177	10.528	1	15.0649
Blon_1306	258	59.1108	10	26.8317
Blon_1307	399	200	4	3.17208
Blon_1308	1146	947	48	8.03907
Blon_1309	333	134	50	59.1807
Blon_1310	276	77.0053	10	20.5965
Blon_1311	828	629	128	32.2756
Blon_1312	336	137	14	16.2077
Blon_1313	681	482	56	18.427
Blon_1314	444	245	98	63.4417
Blon_1315	1230	1031	2162	332.592
Blon_1316	1326	1127	99	13.9324
Blon_1317	255	56.1701	8	22.5891
Blon_1318	333	134	10	11.8361
Blon_1319	1353	1154	94	12.9192
Blon_1320	1050	851	39	7.26858
Blon_1321	309	110	11	15.8604
Blon_1322	204	18.2087	3	26.131
Blon_1323	471	272	35	20.4086
Blon_1324	2799	2600	832	50.7533
Blon_1325	393	194	43	35.1545
Blon_1326	411	212	8	5.98506
Blon_1327	384	185	12	10.2878
Blon_1328	348	149	8	8.51566
Blon_1329	540	341	23	10.6976
Blon_1330	366	167	21	19.9442
Blon_1331	351	152	8	8.34759
Blon_1332	312	113	13	18.2465
Blon_1333	474	275	17	9.80462
Blon_1334	642	443	66	23.6295
Blon_1335	198	15.9266	2	19.9169
Blon_1336	468	269	132	77.8281
Blon_1337	288	89.0004	103	183.552
Blon_1338	309	110	99	142.744
Blon_1339	348	149	61	64.9319
Blon_1340	432	233	11	7.48775
Blon_1341	285	86.0009	10	18.4422
Blon_1342	537	338	33	15.485
Blon_1343	363	164	5	4.83549
Blon_1344	582	383	12	4.96932
Blon_1345	282	83.0016	0	0
Blon_1346	1119	920	63.7402	10.9885
Blon_1347	396	197	4	3.22039
Blon_1348	1365	1166	51	6.93723
Blon_1349	2115	1916	52.2598	4.326
Blon_1350	1461	1262	244	30.6651
Blon_1351	309	110	39	56.2324
Blon_1352	207	19.5103	7	56.9048
Blon_1353	1341	1142	419	58.1919
Blon_1354	303	104	24	36.601
Blon_1355	123	5.19716	0	0
Blon_1356	1074	875	404.363	73.2957
Blon_1357	627	428	135	50.027
Blon_1358	1194	995	639	101.857
Blon_1359	423	224	318	225.161
Blon_1360	633	434	1809	661.094
Blon_1361	444	245	817	528.896
Blon_1362	822	623	575	146.384
Blon_1363	333	134	291	344.431
Blon_1364	600	401	367	145.156
Blon_1365	1023	824	1316	253.305
Blon_1366	852	653	2006	487.228
Blon_1367	264	65.044	463	1128.99
Blon_1368	669	470	1493	503.821
Blon_1369	948	749	821	173.85
Blon_1370	870	671	205	48.4558
Blon_1371	2088	1889	499	41.897
Blon_1372	693	494	133	42.7011
Blon_1373	855	656	258	62.3779
Blon_1374	1401	1202	484	63.8639
Blon_1375	609	410	80	30.9472
Blon_1376	1014	815	281	54.6844
Blon_1377	660	461	30	10.3213
Blon_1378	516	317	208	104.068
Blon_1379	246	47.5399	85	283.58
Blon_1380	534	335	1589	752.304
Blon_1381	246	47.5399	10.6984	35.6925
Blon_1383	1752	1553	3037	310.162
Blon_1384	342	143	448	496.886
Blon_1385	513	314	2	1.01022
Blon_1386	1245	1046	272	41.2431
Blon_1387	1038	839	55	10.3972
Blon_1388	555	356	149.296	66.5138
Blon_1389	321	122	117	152.104
Blon_1390	807	608	188	49.0421
Blon_1391	306	107	44	65.2204
Blon_1392	996	797	50	9.95007
Blon_1394	513	314	24	12.1226
Blon_1395	837	638	40	9.94383
Blon_1396	681	482	11	3.6196
Blon_1397	1170	971	193	31.5248
Blon_1398	264	65.044	16	39.0146
Blon_1399	294	95.0001	27	45.0769
Blon_1400	435	236	60	40.3231
Blon_1401	552	353	62	27.8568
Blon_1402	828	629	96	24.2067
Blon_1403	627	428	99	36.6865
Blon_1404	783	584	155	42.0953
Blon_1405	876	677	206	48.2606
Blon_1406	399	200	106	84.0602
Blon_1407	363	164	245	236.939
Blon_1408	819	620	1798	459.952
Blon_1409	624	425	2155	804.216
Blon_1410	729	530	2950	882.797
Blon_1411	657	458	2902.31	1005.06
Blon_1412	1203	1004	58.5021	9.24171
Blon_1414	669	470	35	11.8109
Blon_1415	1269	1070	540	80.0432
Blon_1416	1425	1226	77	9.96127
Blon_1417	903	704	69	15.545
Blon_1418	534	335	98	46.3976
Blon_1419	303	104	53	80.8271
Blon_1420	345	146	55	59.7481
Blon_1421	414	215	42	30.9831
Blon_1422	642	443	122	43.6788
Blon_1423	324	125	106	134.496
Blon_1424	621	422	455	171.007
Blon_1425	891	692	38	8.70948
Blon_1426	687	488	33	10.7253
Blon_1427	1581	1382	321	36.8393
Blon_1428	240	42.049	126	475.258
Blon_1429	363	164	30	29.013
Blon_1430	318	119	25	33.3202
Blon_1431	1077	878	1156	208.823
Blon_1432	327	128	121	149.93
Blon_1433	402	203	52	40.6277
Blon_1435	552	353	14	6.29025
Blon_1436	369	170	3	2.7989
Blon_1437	351	152	14	14.6083
Blon_1438	885	686	12	2.77442
Blon_1439	1191	992	1393	222.717
Blon_1440	1764	1565	1260	127.694
Blon_1441	630	431	414	152.348
Blon_1443	924	725	545	119.227
Blon_1444	1122	923	203	34.8826
Blon_1445	696	497	850	271.255
Blon_1446	972	773	942	193.28
Blon_1447	825	626	686	173.806
Blon_1448	954	755	1445	303.554
Blon_1449	1497	1298	2346	286.661
Blon_1450	420	221	295	211.711
Blon_1451	963	764	1164	241.643
Blon_1452	3231	3032	4706	246.171
Blon_1453	954	755	5500	1155.39
Blon_1454	855	656	6788	1641.17
Blon_1455	2304	2105	35606	2682.78
Blon_1456	558	359	349	154.186
Blon_1457	1071	872	532	96.7631
Blon_1458	435	236	50	33.6026
Blon_1459	264	65.044	38	92.6597
Blon_1460	735	536	150	44.3855
Blon_1461	657	458	37	12.813
Blon_1463	936	737	224	48.2053
Blon_1464	1923	1724	358	32.9352
Blon_1465	639	440	29	10.4535
Blon_1466	2706	2507	263	16.6386
Blon_1467	2175	1976	272	21.8322
Blon_1468	390	191	35	29.0636
Blon_1469	240	42.049	6	22.6313
Blon_1470	489	290	25	13.6728
Blon_1471	825	626	119	30.15
Blon_1472	546	347	92	42.0507
Blon_1473	303	104	14	21.3506
Blon_1475	846	647	420	102.958
Blon_1476	849	650	546	133.227
Blon_1477	1251	1052	1571	236.851
Blon_1478	465	266	596	355.369
Blon_1479	1896	1697	319	29.8142
Blon_1480	1713	1514	378	39.5987
Blon_1481	1536	1337	2184	259.081
Blon_1482	4524	4325	6297	230.92
Blon_1483	1047	848	298	55.7359
Blon_1484	1134	935	538	91.261
Blon_1485	1179	980	501	81.0823
Blon_1486	1881	1682	1547	145.874
Blon_1487	261	62.0706	1945	4969.91
Blon_1488	771	572	106	29.3917
Blon_1489	933	734	28	6.05029
Blon_1490	1392	1193	185	24.5949
Blon_1491	438	239	353	234.256
Blon_1492	504	305	179	93.0824
Blon_1493	621	422	853	320.591
Blon_1494	303	104	296	451.412
Blon_1495	363	164	67	64.7956
Blon_1496	363	164	48	46.4207
Blon_1497	294	95.0001	8	13.3561
Blon_1498	216	24.1385	5	32.853
Blon_1499	366	167	15	14.2459
Blon_1500	354	155	5	5.11626
Blon_1501	279	80.003	1	1.98248
Blon_1502	852	653	21	5.10059
Blon_1503	585	386	24	9.8614
Blon_1504	897	698	32	7.27125
Blon_1505	534	335	17	8.04857
Blon_1506	354	155	10	10.2325
Blon_1507	942	743	35	7.47126
Blon_1508	534	335	9	4.26101
Blon_1509	363	164	5	4.83549
Blon_1510	246	47.5399	3	10.0087
Blon_1511	513	314	37	18.689
Blon_1512	288	89.0004	10	17.8206
Blon_1513	285	86.0009	4	7.37686
Blon_1514	165	8.64817	0	0
Blon_1515	210	20.9285	1	7.57839
Blon_1516	225	29.9375	3	15.8936
Blon_1517	291	92.0002	1	1.72395
Blon_1518	393	194	10	8.17547
Blon_1519	372	173	7	6.41751
Blon_1520	276	77.0053	7	14.4176
Blon_1521	240	42.049	9	33.947
Blon_1522	879	680	19	4.43159
Blon_1523	462	263	22	13.2673
Blon_1524	912	713	606	134.802
Blon_1525	336	137	75	86.8271
Blon_1526	1206	1007	215	33.8629
Blon_1528	780	581	99	27.0255
Blon_1529	258	59.1108	12	32.198
Blon_1530	492	293	80	43.3049
Blon_1532	261	62.0706	23	58.7701
Blon_1533	345	146	48	52.1438
Blon_1534	372	173	75	68.759
Blon_1535	756	557	152	43.2816
Blon_1536	546	347	113	51.6492
Blon_1537	369	170	197	183.794
Blon_1538	285	86.0009	79	145.693
Blon_1539	300	101	39	61.2432
Blon_1540	342	143	14	15.5277
Blon_1541	786	587	94	25.3983
Blon_1542	342	143	13	14.4186
Blon_1543	342	143	5	5.5456
Blon_1544	243	44.7603	1	3.54341
Blon_1545	615	416	27	10.294
Blon_R0060	95	4.11003	0	0
Blon_R0061	75	3.59105	0	0
Blon_R0062	77	3.63627	0	0
Blon_1546	384	185	3	2.57196
Blon_1547	480	281	10	5.64428
Blon_1548	1899	1700	29	2.7056
Blon_1549	1623	1424	20	2.22759
Blon_1550	1077	878	20	3.61285
Blon_1551	636	437	9	3.26645
Blon_1552	795	596	25	6.65286
Blon_1553	1071	872	18	3.27394
Blon_1554	432	233	9	6.12634
Blon_1555	564	365	12	5.21438
Blon_1556	306	107	5	7.41141
Blon_1557	459	260	6	3.6601
Blon_1558	606	407	21	8.18351
Blon_1559	423	224	8	5.66443
Blon_1560	351	152	7	7.30414
Blon_1561	4839	4640	79	2.70037
Blon_1562	951	752	14	2.95274
Blon_1563	4149	3950	125.435	5.03658
Blon_1564	573	374	17.5	7.42132
Blon_1565	171	9.50903	0	0
Blon_1566	501	302	20	10.5036
Blon_1567	1203	1004	454.19	71.7494
Blon_1568	510	311	7	3.56987
Blon_1569	456	257	5	3.08568
Blon_1570	396	197	2	1.61019
Blon_1571	1233	1034	41.9904	6.44086
Blon_1572	267	68.0268	3.2326	7.5368
Blon_1573	495	296	26	13.9314
Blon_1574	1128	929	2267	387.035
Blon_1575	624	425	4275	1595.37
Blon_1576	1038	839	274	51.7968
Blon_1577	1425	1226	1134	146.702
Blon_1578	306	107	114	168.98
Blon_1579	1164	965	838	137.731
Blon_1580	2034	1835	5888	508.916
Blon_1581	1065	866	1722	315.377
Blon_1582	1434	1235	1046	134.332
Blon_1583	549	350	645	292.285
Blon_1584	1176	977	1733	281.332
Blon_1585	339	140	497	563.045
Blon_1586	798	599	248	65.6658
Blon_R0063	88	3.91013	0	0
Blon_1587	879	680	264	61.5757
Blon_1588	1245	1046	983	149.052
Blon_1589	594	395	1558	625.583
Blon_1590	555	356	1065	474.476
Blon_1591	1275	1076	2912	429.234
Blon_1592	780	581	2166	591.285
Blon_1593	1236	1037	3199	489.272
Blon_1594	1500	1301	4616	562.734
Blon_1595	1680	1481	12654	1355.15
Blon_1596	447	248	166	106.162
Blon_1597	1623	1424	753	83.8686
Blon_1598	1188	989	782	125.408
Blon_1599	474	275	148	85.3579
Blon_1600	1182	983	1221	197.005
Blon_1601	456	257	266	164.158
Blon_1602	2679	2480	7856	502.417
Blon_1603	237	39.4185	202	812.767
Blon_1604	399	200	557	441.713
Blon_1605	684	485	24	7.84845
Blon_1606	294	95.0001	31	51.755
Blon_1607	354	155	43	43.9999
Blon_1608	603	404	32	12.5627
Blon_1609	357	158	14	14.0535
Blon_1610	441	242	38	24.9048
Blon_1611	783	584	422	114.608
Blon_1612	627	428	14465	5360.3
Blon_1613	993	794	172	34.3576
Blon_1614	1218	1019	187	29.106
Blon_1615	399	200	99	78.5091
Blon_1616	2694	2495	1536	97.6417
Blon_1617	582	383	402	166.472
Blon_1618	1365	1166	959	130.447
Blon_1619	210	20.9285	4	30.3136
Blon_1620	939	740	543	116.381
Blon_1621	402	203	32	25.0016
Blon_1622	693	494	206	66.1386
Blon_1623	624	425	125	46.6483
Blon_1624	1158	959	371	61.3578
Blon_1625	435	236	48	32.2585
Blon_1626	531	332	61	29.1411
Blon_1627	588	389	59	24.0556
Blon_1628	1479	1280	182	22.5515
Blon_1629	1440	1241	66	8.43503
Blon_1630	1239	1040	82	12.5053
Blon_1631	984	785	58	11.7185
Blon_1632	1356	1157	262	35.9155
Blon_1633	654	455	221	77.0363
Blon_1634	624	425	343	128.003
Blon_1635	1053	854	797	148.018
Blon_1636	1296	1097	369	53.35
Blon_1640	2169	1970	2425	195.236
Blon_1641	1296	1097	719	103.953
Blon_1642	831	632	281	70.5186
Blon_1643	582	383	249	103.113
Blon_1644	1371	1172	414	56.0257
Blon_1645	363	164	352	340.419
Blon_1646	840	641	290	71.7554
Blon_1647	348	149	43	45.7717
Blon_1648	1965	1766	485	43.5578
Blon_1649	321	122	64	83.2022
Blon_1650	2052	1853	187	16.0059
Blon_1651	300	101	10	15.7034
Blon_1652	426	227	833	582.014
Blon_1653	222	27.8721	73	415.401
Blon_1654	1119	920	330	56.8906
Blon_1655	900	701	247	55.8848
Blon_1656	606	407	136	52.9979
Blon_1657	387	188	16	13.4982
Blon_1658	333	134	26	30.7739
Blon_1659	192	14.0216	1	11.3114
Blon_1660	525	326	26	12.6494
Blon_1661	1059	860	113	20.8398
Blon_1662	1107	908	247.167	43.1738
Blon_1663	1512	1313	109	13.1667
Blon_1664	519	320	76	37.6685
Blon_1665	648	449	123	43.4484
Blon_1666	4383	4184	126	4.77632
Blon_1667	480	281	18	10.1597
Blon_1668	528	329	24	11.5699
Blon_1669	267	68.0268	2	4.66299
Blon_1670	846	647	17	4.16734
Blon_1671	375	176	0	0
Blon_1672	2226	2027	58	4.53825
Blon_1673	555	356	61	27.1766
Blon_1674	663	464	200	68.3639
Blon_1675	1272	1073	56	8.27757
Blon_1676	393	194	43	35.1545
Blon_1677	1257	1058	438	65.6603
Blon_1678	252	53.2554	18	53.6072
Blon_1679	324	125	78	98.969
Blon_1680	615	416	348	132.678
Blon_1681	870	671	73	17.255
Blon_1682	366	167	549	521.399
Blon_1683	1266	1067	131	19.4725
Blon_1684	306	107	23	34.0925
Blon_1685	2244	2045	159	12.3316
Blon_1686	1383	1184	52	6.96572
Blon_1687	243	44.7603	0	0
Blon_1688	861	662	200	47.9167
Blon_1689	1179	980	2680	433.734
Blon_1690	822	623	2434	619.651
Blon_1691	1479	1280	5327	660.066
Blon_1692	2379	2180	1463	106.439
Blon_1693	870	671	2074	490.231
Blon_1694	2856	2657	7110	424.417
Blon_1695	915	716	2680	593.658
Blon_1696	1317	1118	6532	926.657
Blon_1697	873	674	355	83.5378
Blon_1698	375	176	2	1.80232
Blon_1699	1536	1337	31	3.67743
Blon_1700	1701	1502	105	11.0875
Blon_1701	1842	1643	1417	136.788
Blon_1702	966	767	854	176.594
Blon_1703	666	467	483	164.038
Blon_1704	840	641	708	175.182
Blon_1705	1437	1238	1060	135.8
Blon_R0064	74	3.56892	0	0
Blon_R0065	74	3.56892	0	0
Blon_1706	1380	1181	554	74.4003
Blon_1707	702	503	1851	583.651
Blon_1708	624	425	1167	435.508
Blon_1709	381	182	79	68.8447
Blon_1710	1467	1268	595	74.4239
Blon_1711	1380	1181	19065	2560.36
Blon_1712	1302	1103	444	63.8443
Blon_1713	639	440	86	30.9999
Blon_1714	882	683	616	143.046
Blon_1715	2409	2210	17029	1222.11
Blon_1716	225	29.9375	23	121.851
Blon_1717	1698	1499	1485	157.123
Blon_1718	1152	953	1038	172.75
Blon_1719	687	488	1402	455.662
Blon_1720	1215	1016	2114	330.009
Blon_1721	927	728	3657	796.724
Blon_1722	2478	2279	107951	7512.71
Blon_1723	1563	1364	3695	429.65
Blon_1725	1872	1673	576	54.6061
Blon_1726	1020	821	2541	490.881
Blon_R0066	71	3.50437	0	0
Blon_1727	1383	1184	2127	284.925
Blon_1728	414	215	465	343.028
Blon_1729	699	500	397	125.932
Blon_R0067	76	3.6135	0	0
Blon_R0068	76	3.6135	0	0
Blon_1730	1713	1514	2940	307.99
Blon_1731	1230	1031	12702	1954.02
Blon_1732	1386	1187	414	55.3177
Blon_1733	1173	974	443	72.1372
Blon_1734	141	6.28195	0	0
Blon_1735	885	686	270	62.4244
Blon_1736	267	68.0268	34	79.2708
Blon_1737	327	128	23	28.4992
Blon_1738	393	194	968	791.386
Blon_1739	567	368	183	78.8711
Blon_R0069	77	3.63627	0	0
Blon_1740	2142	1943	1781	145.38
Blon_1741	675	476	284	94.6294
Blon_1742	930	731	630	136.69
Blon_1743	2868	2669	3380	200.855
Blon_1744	786	587	1738	469.598
Blon_R0070	74	3.56892	0	0
Blon_1745	1443	1244	30672	3910.54
Blon_1746	987	788	1028	206.91
Blon_1747	2112	1913	761	63.0934
Blon_1748	1236	1037	177	27.0713
Blon_1749	666	467	120	40.7548
Blon_1750	447	248	3	1.9186
Blon_1751	1971	1772	79	7.07095
Blon_1752	636	437	108	39.1974
Blon_1753	618	419	485	183.587
Blon_1754	1476	1277	35367	4392.6
Blon_1755	876	677	508	119.012
Blon_1756	1182	983	916	147.794
Blon_1757	891	692	498	114.14
Blon_1758	834	635	382	95.4123
Blon_1759	525	326	150	72.9774
Blon_1760	594	395	633	254.168
Blon_1761	2253	2054	5277	407.475
Blon_1762	723	524	1697	513.647
Blon_1763	1074	875	1168	211.714
Blon_1764	387	188	77	64.9602
Blon_1765	687	488	188	61.1016
Blon_1766	804	605	649	170.139
Blon_1767	429	230	186	128.262
Blon_1768	1542	1343	1405	165.926
Blon_1769	3096	2897	3057	167.364
Blon_1770	300	101	82	128.768
Blon_1771	1434	1235	1521	195.334
Blon_1772	1827	1628	108	10.5217
Blon_1773	279	80.003	196	388.566
Blon_1774	1497	1298	1162	141.986
Blon_1775	945	746	277	58.8919
Blon_1776	480	281	1453	820.113
Blon_1777	408	209	1175	891.674
Blon_1778	1461	1262	707	88.8535
Blon_1779	570	371	125	53.4381
Blon_1780	1191	992	235	37.5726
Blon_1781	1239	1040	1139	173.702
Blon_1782	1089	890	927	165.198
Blon_1783	330	131	125	151.34
Blon_1784	255	56.1701	22	62.1201
Blon_1785	255	56.1701	7	19.7655
Blon_1786	507	308	40	20.5979
Blon_1787	762	563	59	16.621
Blon_1788	243	44.7603	0	0
Blon_1789	345	146	12	13.036
Blon_1790	231	34.449	1	4.60403
Blon_1791	585	386	13	5.34159
Blon_1792	1413	1214	13	1.6984
Blon_1793	408	209	1	0.758872
Blon_1794	525	326	5	2.43258
Blon_1795	570	371	8	3.42004
Blon_1796	393	194	2	1.63509
Blon_1797	411	212	6	4.4888
Blon_1798	303	104	0	0
Blon_1799	306	107	0	0
Blon_1800	210	20.9285	0	0
Blon_1801	597	398	10	3.98503
Blon_1802	297	98.0001	1	1.61841
Blon_1803	303	104	2	3.05008
Blon_1804	363	164	4	3.86839
Blon_1805	225	29.9375	2	10.5957
Blon_1806	210	20.9285	3	22.7352
Blon_1807	774	575	9	2.4825
Blon_R0071	76	3.6135	0	0
Blon_1808	198	15.9266	2	19.9169
Blon_1809	351	152	11	11.4779
Blon_1810	411	212	8	5.98506
Blon_1811	1404	1205	38	5.00162
Blon_1812	1494	1295	32	3.91918
Blon_1813	1419	1220	27	3.51009
Blon_1814	465	266	1	0.596256
Blon_1815	942	743	14	2.9885
Blon_1816	564	365	5	2.17266
Blon_1817	408	209	4	3.03549
Blon_1818	345	146	1	1.08633
Blon_1819	276	77.0053	6	12.3579
Blon_1820	378	179	5	4.43028
Blon_1821	600	401	15	5.93282
Blon_1822	366	167	23	21.8437
Blon_1823	2211	2012	49	3.86263
Blon_1824	978	779	113	23.0068
Blon_1825	4092	3893	73.5651	2.9971
Blon_1826	573	374	17.5	7.42132
Blon_1827	171	9.50903	0	0
Blon_1828	510	311	7	3.56987
Blon_1829	456	257	5	3.08568
Blon_1830	396	197	2	1.61019
Blon_1831	1233	1034	0.00963265	0.00147754
Blon_1832	219	25.9389	6.7674	41.3795
Blon_R0072	82	3.75521	0	0
Blon_1833	1002	803	959	189.416
Blon_1834	567	368	456	196.531
Blon_1835	624	425	518	193.31
Blon_1836	1299	1100	23097	3330.25
Blon_1837	939	740	249	53.3682
Blon_1838	3585	3386	1821	85.2977
Blon_1839	600	401	156	61.7014
Blon_1840	447	248	5	3.19766
Blon_1841	498	299	58	30.766
Blon_1842	3243	3044	9340	486.65
Blon_1843	1206	1007	187	29.4528
Blon_1844	669	470	392	132.283
Blon_1845	582	383	487	201.672
Blon_1846	1266	1067	1093	162.469
Blon_1847	1308	1109	3942	563.767
Blon_1848	1491	1292	2227	273.383
Blon_1849	1146	947	164	27.4668
Blon_1850	450	251	34	21.4842
Blon_1852	714	515	100	30.7969
Blon_1853	714	515	82	25.2535
Blon_1854	921	722	159	34.9281
Blon_1855	375	176	65	58.5754
Blon_1856	702	503	58	18.2884
Blon_1857	1227	1028	108	16.6627
Blon_1858	1245	1046	140	21.2281
Blon_1859	756	557	65	18.5086
Blon_1860	648	449	195	68.8815
Blon_1861	1794	1595	899	89.3951
Blon_1862	1017	818	711	137.858
Blon_1863	678	479	111	36.7538
Blon_1864	831	632	674	169.144
Blon_1865	1041	842	2087	393.12
Blon_1866	1614	1415	3763	421.786
Blon_1867	1323	1124	2969	418.946
Blon_1868	891	692	840	192.525
Blon_1869	534	335	593	280.753
Blon_1870	357	158	43	43.1644
Blon_1871	810	611	116	30.1114
Blon_1872	870	671	190	44.9103
Blon_1873	195	14.9308	1	10.6226
Blon_1874	1473	1274	1325	164.953
Blon_1875	1239	1040	2594	395.595
Blon_1876	513	314	521	263.162
Blon_1877	966	767	1158	239.457
Blon_1878	1296	1097	1431	206.894
Blon_1879	918	719	684	150.884
Blon_1880	1176	977	1063	172.565
Blon_1881	1101	902	836	146.999
Blon_1882	687	488	755	245.381
Blon_1883	2610	2411	6714	441.671
Blon_1884	1068	869	2850	520.163
Blon_1885	879	680	514	119.886
Blon_1886	828	629	108	27.2325
Blon_1887	1476	1277	176	21.8593
Blon_1888	669	470	309	104.274
Blon_1889	1368	1169	1224	166.066
Blon_1890	624	425	1439	537.015
Blon_1891	1491	1292	888	109.01
Blon_1892	783	584	1228	333.503
Blon_1893	1437	1238	7696	985.959
Blon_1895	1107	908	156	27.2492
Blon_1896	330	131	14	16.9501
Blon_1897	168	9.06081	1	17.5044
Blon_1898	546	347	96	43.879
Blon_1899	708	509	47	14.6452
Blon_1900	1359	1160	348	47.5812
Blon_1901	2589	2390	1697	112.616
Blon_1902	1758	1559	3527	358.818
Blon_1903	408	209	139	105.483
Blon_1905	1272	1073	17491	2585.41
Blon_1906	1086	887	1730	309.341
Blon_1907	1905	1706	2922	271.654
Blon_1908	720	521	408	124.204
Blon_1909	1356	1157	200.571	27.4948
Blon_1910	1362	1163	149	20.3199
Blon_1911	2310	2111	616	46.2815
Blon_1912	702	503	177	55.811
Blon_1913	624	425	121	45.1555
Blon_1914	1182	983	189.745	30.6148
Blon_1915	1044	845	246	46.1735
Blon_1917	537	338	49	22.9929
Blon_1918	366	167	31	29.4415
Blon_1919	489	290	151	82.5835
Blon_1920	1065	866	1091	199.812
Blon_1922	1200	1001	94679	15001.5
Blon_1923	2124	1925	51330	4229.17
Blon_1924	471	272	7114	4148.2
Blon_1925	372	173	5720	5244.02
Blon_1926	957	758	2974.85	622.459
Blon_1927	894	695	512	116.842
Blon_1928	1266	1067	266	39.5396
Blon_1929	507	308	95.8161	49.3403
Blon_1930	987	788	120	24.1529
Blon_1931	1356	1157	200.571	27.4948
Blon_1932	690	491	34	10.9828
Blon_1933	717	518	30	9.18557
Blon_1934	1062	863	67	12.3134
Blon_R0073	76	3.6135	0	0
Blon_1935	1026	827	817	156.686
Blon_1936	1161	962	487	80.2913
Blon_1937	1191	992	105	16.7877
Blon_1938	1338	1139	2155	300.081
Blon_1939	366	167	380	360.896
Blon_1940	753	554	3000	858.867
Blon_1941	3735	3536	9366	420.104
Blon_1942	1098	899	706	124.555
Blon_1943	1371	1172	553	74.8363
Blon_1944	660	461	137	47.134
Blon_1945	555	356	74	32.9683
Blon_1946	1155	956	100	16.5904
Blon_1947	294	95.0001	12	20.0342
Blon_1950	219	25.9389	13	79.489
Blon_1951	1647	1448	319	34.9411
Blon_1952	1248	1049	190	28.7272
Blon_1953	1374	1175	412	55.6127
Blon_1954	471	272	131	76.3866
Blon_1955	864	665	407	97.0705
Blon_1956	888	689	391	90.0061
Blon_1957	786	587	299	80.7881
Blon_1958	1512	1313	2716	328.08
Blon_1959	1038	839	2381	450.103
Blon_1960	1269	1070	3440	509.905
Blon_1961	1650	1451	2664	291.193
Blon_1962	2079	1880	11560	975.247
Blon_1963	924	725	477	104.351
Blon_1964	720	521	14	4.26192
Blon_1965	237	39.4185	8	32.1888
Blon_1966	171	9.50903	2	33.3586
Blon_1967	306	107	6	8.89369
Blon_1968	258	59.1108	18	48.297
Blon_1969	123	5.19716	0	0
Blon_1970	168	9.06081	1	17.5044
Blon_1971	438	239	22	14.5995
Blon_1972	1128	929	237	40.462
Blon_1973	756	557	87	24.773
Blon_1974	501	302	36	18.9065
Blon_1975	348	149	4	4.25783
Blon_1976	243	44.7603	3	10.6302
Blon_1978	711	512	128	39.651
Blon_1979	429	230	832	573.733
Blon_1980	1179	980	2080	336.629
Blon_1981	507	308	782	402.69
Blon_1982	993	794	396	79.1023
Blon_1983	2148	1949	2088	169.916
Blon_1984	1524	1325	4159	497.838
Blon_1985	1167	968	3830	627.535
Blon_1986	765	566	2121	594.345
Blon_R0074	77	3.63627	0	0
Blon_1987	1209	1010	249	39.1014
Blon_1988	870	671	33	7.8002
Blon_1989	2277	2078	414	31.5987
Blon_1990	315	116	1506	2059.12
Blon_1991	411	212	889	665.09
Blon_1992	1512	1313	1763	212.962
Blon_1993	639	440	1406	506.812
Blon_1994	876	677	1574	368.749
Blon_1995	2100	1901	1041	86.8527
Blon_1996	1308	1109	542	77.5144
Blon_1997	1359	1160	588	80.3959
Blon_1998	1461	1262	930	116.879
Blon_1999	543	344	284	130.941
Blon_2000	495	296	383	205.221
Blon_2001	1956	1757	617	55.6965
Blon_2002	1725	1526	1020	106.013
Blon_2003	732	533	153	45.528
Blon_2004	639	440	143	51.5464
Blon_2005	303	104	231	352.284
Blon_2006	1407	1208	1480	194.316
Blon_2007	957	758	1849	386.885
Blon_2008	786	587	343	92.6767
Blon_2009	843	644	437	107.624
Blon_2010	942	743	667	142.381
Blon_2011	966	767	522	107.942
Blon_2012	1665	1466	1481	160.227
Blon_2013	1314	1115	437	62.1614
Blon_2014	768	569	321	89.4762
Blon_2015	1422	1223	589	76.3842
Blon_2016	2076	1877	8910	752.884
Blon_2017	735	536	246	72.7922
Blon_2018	1893	1694	1494	139.879
Blon_2019	831	632	443	111.173
Blon_2020	984	785	508	102.638
Blon_2021	948	749	325	68.8202
Blon_2022	954	755	464	97.4733
Blon_2023	477	278	345	196.829
Blon_2024	1362	1163	2093	285.433
Blon_2025	924	725	805	176.105
Blon_2026	1167	968	1223	200.385
Blon_2027	1125	926	1455	249.211
Blon_2028	1356	1157	316	43.318
Blon_2029	1479	1280	1636	202.716
Blon_2030	654	455	837	291.762
Blon_2031	1386	1187	2077	277.524
Blon_2032	2610	2411	7698	506.402
Blon_2033	1701	1502	4956	523.33
Blon_2034	906	707	1933	433.638
Blon_2035	756	557	777	221.249
Blon_2036	1320	1121	945	133.703
Blon_2037	4032	3833	999	41.3372
Blon_2038	4296	4097	749	28.9955
Blon_2039	1422	1223	257	33.3289
Blon_2042	1311	1112	18	2.56733
Blon_2043	1224	1025	28	4.3326
Blon_2044	2514	2315	42	2.87748
Blon_2046	612	413	39	14.9771
Blon_2047	582	383	70	28.9877
Blon_2048	4038	3839	21727	897.628
Blon_2049	3564	3365	20410	961.994
Blon_2050	717	518	219	67.0547
Blon_2051	957	758	130	27.2012
Blon_2052	510	311	209	106.586
Blon_2053	261	62.0706	4	10.2209
Blon_2054	1365	1166	1770	240.763
Blon_2055	273	74.0093	196	420.034
Blon_2056	1911	1712	392	36.3159
Blon_2057	1092	893	866	153.809
Blon_2058	678	479	55	18.2113
Blon_2059	936	737	49	10.5449
Blon_2060	972	773	60	12.3108
Blon_2061	1608	1409	234	26.3402
Blon_2062	1251	1052	10163	1532.22
Blon_2063	1251	1052	9679	1459.25
Blon_2064	804	605	1577	413.419
Blon_2065	1152	953	843	140.297
Blon_2066	1116	917	679	117.44
Blon_2067	2289	2090	7506	569.609
Blon_2068	720	521	764	232.579
Blon_2069	1086	887	315	56.325
Blon_2070	1032	833	674	128.33
Blon_2071	2517	2318	1187	81.2179
Blon_2072	1173	974	1060	172.608
Blon_2073	414	215	501	369.585
Blon_2074	1293	1094	1130	163.823
Blon_2075	858	659	668	160.77
Blon_2076	624	425	662	247.049
Blon_2077	372	173	670	614.247
Blon_2078	984	785	2222	448.941
Blon_2079	564	365	90	39.1079
Blon_2080	1356	1157	270	37.0122
Blon_2081	1383	1184	1249	167.311
Blon_2082	1419	1220	1794	233.226
Blon_2083	1392	1193	277	36.8259
Blon_2085	717	518	220	67.3608
Blon_2086	1188	989	580.462	93.0876
Blon_2087	1077	878	125	22.5803
Blon_2088	390	191	160	132.862
Blon_2089	495	296	259	138.779
Blon_2090	537	338	133	62.4093
Blon_2091	327	128	2	2.47819
Blon_2092	864	665	12	2.86203
Blon_2093	2811	2612	376	22.8312
Blon_2094	414	215	41	30.2454
Blon_2096	480	281	15.1839	8.57023
Blon_2097	1266	1067	133	19.7698
Blon_2098	408	209	48	36.4258
Blon_2099	1536	1337	874	103.68
Blon_2100	696	497	374	119.352
Blon_2101	1050	851	134	24.9741
Blon_2102	1062	863	286	52.5617
Blon_2103	309	110	67	96.6043
Blon_2104	882	683	231	53.6421
Blon_2105	954	755	335	70.374
Blon_2106	996	797	261	51.9394
Blon_2107	1125	926	381	65.2572
Blon_2108	1170	971	121	19.7643
Blon_2109	1095	896	264	46.7316
Blon_2110	819	620	389	99.5113
Blon_2111	471	272	114	66.4738
Blon_2112	606	407	742	289.151
Blon_2113	1203	1004	778.944	123.051
Blon_2114	1470	1271	489	61.0208
Blon_2115	243	44.7603	2	7.08682
Blon_2116	435	236	1155.79	776.749
Blon_2117	1440	1241	240	30.6728
Blon_2118	339	140	15	16.9933
Blon_2119	303	104	3	4.57512
Blon_2120	1218	1019	175	27.2382
Blon_2122	2457	2258	151	10.6064
Blon_2123	2163	1964	1326	107.082
Blon_2124	1458	1259	951	119.803
Blon_2125	204	18.2087	98	853.614
Blon_2126	897	698	1403	318.799
Blon_2127	1668	1469	810	87.4536
Blon_2128	1566	1367	938	108.83
Blon_2129	711	512	383	118.643
Blon_2130	723	524	113	34.2028
Blon_2131	2313	2114	673	50.4922
Blon_2132	705	506	509	159.544
Blon_2133	987	788	767	154.377
Blon_2134	1863	1664	3852	367.153
Blon_2135	285	86.0009	306	564.33
Blon_2136	1221	1022	1283	199.109
Blon_2137	1368	1169	14337	1945.17
Blon_2138	1224	1025	11605	1795.71
Blon_2139	636	437	5495	1994.35
Blon_2140	519	320	1214	601.705
Blon_2141	555	356	1019	453.982
Blon_2142	873	674	758	178.371
Blon_2143	414	215	402	296.553
Blon_2144	1038	839	2905	549.16
Blon_2145	738	539	1830	538.489
Blon_2146	747	548	803	232.407
Blon_2147	957	758	2126	444.845
Blon_2148	1143	944	851	142.979
Blon_2149	261	62.0706	94	240.191
Blon_2150	1185	986	409	65.7902
Blon_2151	675	476	985	328.204
Blon_2152	741	542	7770	2273.72
Blon_2153	333	134	2	2.36723
Blon_2154	327	128	35	43.3683
Blon_2155	1113	914	75	13.0146
Blon_2156	942	743	61	13.0213
Blon_2157	1071	872	115	20.9168
Blon_2158	915	716	16	3.54423
Blon_2159	1224	1025	1396	216.011
Blon_2160	987	788	150	30.1911
Blon_2161	1530	1331	2167	258.223
Blon_R0075	77	3.63627	0	0
Blon_2162	1188	989	296	47.469
Blon_2163	3540	3341	369	17.5172
Blon_2164	2061	1862	634	54.0038
Blon_2165	633	434	264	96.4781
Blon_2166	1602	1403	5739	648.774
Blon_2167	690	491	7570	2445.28
Blon_2168	1704	1505	23380	2463.9
Blon_2169	1284	1085	3407	498.032
Blon_2170	696	497	1024	326.782
Blon_2171	1023	824	3795	730.465
Blon_2172	1548	1349	604	71.0133
Blon_2173	1080	881	485	87.3133
Blon_2174	2256	2057	991	76.4107
Blon_2175	951	752	335	70.6548
Blon_2176	972	773	279	57.2452
Blon_2177	1317	1118	1868	265.002
Blon_R0076	88	3.91013	0	0
Blon_2178	1287	1088	2900	422.75
Blon_2179	1182	983	822	132.627
Blon_2180	369	170	51	47.5812
Blon_2181	1356	1157	200.571	27.4948
Blon_2182	579	380	185	77.2152
Blon_2183	2091	1892	663	55.5785
Blon_2184	1677	1478	11158	1197.36
Blon_2185	354	155	2	2.04651
Blon_2186	1098	899	33	5.82195
Blon_2187	426	227	208	145.329
Blon_2188	1644	1445	1560	171.227
Blon_2189	174	9.99669	2	31.7313
Blon_2190	891	692	177	40.5678
Blon_2191	699	500	1829	580.174
Blon_2192	210	20.9285	164	1242.86
Blon_2193	633	434	559	204.285
Blon_2194	1539	1340	361	42.7284
Blon_2195	1125	926	1080	184.981
Blon_2196	1164	965	1127	185.23
Blon_2197	477	278	503	286.971
Blon_2198	2961	2762	11374	653.137
Blon_2199	1068	869	1972	359.916
Blon_2200	861	662	218	52.2292
Blon_2202	1383	1184	111	14.8691
Blon_2203	978	779	67	13.6412
Blon_2204	912	713	58	12.9019
Blon_R0077	88	3.91013	0	0
Blon_2206	1311	1112	55	7.84463
Blon_2207	801	602	268	70.6078
Blon_2208	2181	1982	156	12.4835
Blon_2209	918	719	202	44.5592
Blon_2210	522	323	8924	4381.99
Blon_2211	996	797	18161	3614.07
Blon_2212	399	200	6461	5123.71
Blon_2213	378	179	4984	4416.11
Blon_2214	114	4.78619	0	0
Blon_2215	219	25.9389	2236	13672.1
Blon_2216	561	362	2032	890.286
Blon_2217	1338	1139	6604	919.598
Blon_2218	453	254	12344	7707.91
Blon_2219	186	12.4336	1303	16621.2
Blon_2220	732	533	21391	6365.29
Blon_2221	372	173	11621	10654
Blon_2222	540	341	15885	7388.35
Blon_2223	399	200	10945	8679.61
Blon_2224	186	12.4336	563	7181.69
Blon_2225	573	374	20644	8754.61
Blon_2226	336	137	4693	5433.06
Blon_2227	369	170	5485	5117.32
Blon_2228	261	62.0706	4157	10622.1
Blon_2229	252	53.2554	2157	6423.93
Blon_2230	420	221	9890	7097.72
Blon_2231	804	605	24522	6428.58
Blon_2232	360	161	7510	7398.24
Blon_2233	279	80.003	5523	10949.2
Blon_2234	831	632	22236	5580.26
Blon_2235	297	98.0001	3432	5554.38
Blon_2236	657	458	16849	5834.76
Blon_2237	642	443	15170	5431.21
Blon_2238	309	110	6027	8690.07
Blon_2239	768	569	358	99.7896
Blon_2240	237	39.4185	35	140.826
Blon_2241	2730	2531	13190	826.546
Blon_2242	1194	995	145	23.1132
Blon_2243	2541	2342	1072	72.5976
Blon_2244	492	293	9730	5266.96
Blon_2245	450	251	8039	5079.76
Blon_2246	2166	1967	2788	224.803
Blon_2247	732	533	539	160.39
Blon_2248	642	443	197	70.5305
Blon_2249	1098	899	652	115.028
Blon_R0078	90	3.96502	0	0
Blon_2250	1347	1148	296	40.8945
Blon_2251	1236	1037	445	68.0606
Blon_2252	321	122	273	354.909
Blon_2253	1527	1328	403	48.1306
Blon_2254	1224	1025	1189	183.981
Blon_2255	168	9.06081	1	17.5044
Blon_R0079	77	3.63627	0	0
Blon_R0080	72	3.52559	0	0
Blon_R0081	82	3.75521	0	0
Blon_2257	294	95.0001	1633	2726.32
Blon_2258	1437	1238	2801	358.845
Blon_2259	666	467	170	57.736
Blon_2260	720	521	410	124.813
Blon_2261	186	12.4336	24	306.147
Blon_2262	627	428	200	74.1141
Blon_2263	201	17.0167	2	18.6411
Blon_2264	3624	3425	5790	268.122
Blon_2265	1446	1247	2242	285.157
Blon_2266	381	182	12763	11122.3
Blon_2267	522	323	13689	6721.77
Blon_2268	831	632	153	38.3963
Blon_2269	1395	1196	558	73.9976
Blon_2270	2745	2546	20686	1288.64
Blon_2271	270	71.016	2794	6240.01
Blon_2272	861	662	171	40.9687
Blon_2273	864	665	333	79.4213
Blon_2274	660	461	136	46.7899
Blon_2275	201	17.0167	11	102.526
Blon_2276	1143	944	403	67.7092
Blon_2277	672	473	539	180.735
Blon_2278	174	9.99669	1	15.8657
Blon_2279	759	560	123.785	35.0585
Blon_2280	687	488	256	83.2022
Blon_2281	555	356	52	23.1669
Blon_R0082	74	3.56892	0	0
Blon_2282	180	11.1077	0	0
Blon_2283	549	350	83	37.6118
Blon_2284	9585	9386	6708	113.351
Blon_2285	1623	1424	843	93.8928
Blon_2286	1890	1691	810	75.9724
Blon_2287	396	197	116	93.3913
Blon_2288	918	719	497	109.633
Blon_2289	2025	1826	964	83.7319
Blon_2290	861	662	525	125.781
Blon_2291	753	554	355	101.633
Blon_2292	834	635	714	178.336
Blon_R0083	116	4.87155	0	0
Blon_R0084	2858	2659	102273	6100.37
Blon_R0085	1519	1320	55	6.60851
Blon_2293	693	494	13650	4382.48
Blon_2294	432	233	7506	5109.37
Blon_2295	894	695	4207	960.069
Blon_2296	228	32.1317	148	730.539
Blon_R0086	76	3.6135	0	0
Blon_2297	1206	1007	1631	256.885
Blon_2298	1134	935	1161	196.941
Blon_2299	1692	1493	2843	302.017
Blon_2300	249	50.3754	1167	3674.24
Blon_2301	309	110	2566	3699.8
Blon_2302	2934	2735	5128	297.376
Blon_2303	1206	1007	543	85.5234
Blon_2304	867	668	71	16.8576
Blon_2305	447	248	74	47.3254
Blon_2306	768	569	228	63.5532
Blon_2307	1284	1085	327	47.8005
Blon_2308	792	593	206	55.0969
Blon_2309	1284	1085	847	123.814
Blon_2310	1029	830	779	148.859
Blon_2311	1449	1250	2131	270.388
Blon_2312	792	593	1688	451.474
Blon_2313	450	251	87	54.9743
Blon_2314	1455	1256	1263	159.488
Blon_2315	1113	914	1322	229.403
Blon_2316	1317	1118	2122	301.036
Blon_2317	1593	1394	1954	222.319
Blon_2318	1863	1664	2263	215.698
Blon_2319	933	734	338	73.0357
Blon_2320	1254	1055	525	78.9262
Blon_2321	1326	1127	2778	390.952
Blon_2322	1347	1148	925	127.795
Blon_2323	1116	917	755	130.585
Blon_2324	690	491	156	50.3915
Blon_2325	1404	1205	379	49.8846
Blon_2326	801	602	982	258.72
Blon_2327	1296	1097	947	136.917
Blon_2328	2238	2039	5986	465.623
Blon_2329	1200	1001	898	142.284
Blon_2330	675	476	362	120.619
Blon_2331	1524	1325	6850.55	820.02
Blon_2332	1533	1334	4120.45	489.895
Blon_2333	1356	1157	200.571	27.4948
Blon_2334	3072	2873	31686	1749.23
Blon_2335	2349	2150	11988	884.347
Blon_2336	1437	1238	7928	1015.68
Blon_2337	438	239	1769	1173.94
Blon_2338	897	698	3627	824.151
Blon_2339	792	593	4243	1134.84
Blon_2340	1278	1079	7455.34	1095.87
Blon_2341	660	461	1429	491.638
Blon_2342	963	764	5174.5	1074.21
Blon_2343	954	755	6725	1412.73
Blon_2344	1593	1394	18569.9	2112.82
Blon_2345	963	764	5174.5	1074.21
Blon_2346	954	755	6725	1412.73
Blon_2347	1596	1397	10420.1	1183.02
Blon_2348	1185	986	1307	210.239
Blon_2349	957	758	976	204.219
Blon_2350	1593	1394	2305.21	262.278
Blon_2351	1605	1406	1390.52	156.857
Blon_2352	1599	1400	1335.83	151.335
Blon_2353	123	5.19716	0	0
Blon_2354	1596	1397	761.349	86.4375
Blon_2355	1956	1757	2309	208.433
Blon_2356	741	542	49	14.3388
Blon_2357	1293	1094	154	22.3264
Blon_2358	1320	1121	57	8.06462
Blon_2359	819	620	15	3.8372
Blon_2360	948	749	17	3.59983
Blon_2361	1119	920	43	7.41302
Blon_2362	522	323	319	156.64
Blon_2363	642	443	1205	431.418
Blon_2364	480	281	421	237.624
Blon_2367	1380	1181	63	8.46068
Blon_2368	888	689	22	5.06428
Blon_2369	957	758	23	4.81253
Blon_2370	1050	851	1079	201.097
Blon_2371	1032	833	280	53.3123
Blon_2372	2673	2474	1418	90.9057
Blon_2373	447	248	27	17.2674
Blon_2375	822	623	1802	458.756
Blon_2376	1191	992	1808	289.069
Blon_2377	1296	1097	126	18.2171
Blon_2378	825	626	34	8.61428
Blon_2379	1002	803	56	11.0608
Blon_2380	1281	1082	77	11.287
Blon_2381	942	743	730	155.829
Blon_2382	1128	929	155	26.4625
Blon_2383	1704	1505	244	25.7139
Blon_2384	1689	1490	451	48.007
Blon_2385	3042	2843	2943	164.183
Blon_2386	1266	1067	988	146.861
Blon_2387	840	641	791	195.719
Blon_2388	1791	1592	625	62.2661
Blon_2389	1245	1046	500	75.8146
Blon_2390	1026	827	612	117.371
Blon_2391	1230	1031	1050	161.527
Blon_2392	2244	2045	2839	220.184
Blon_2393	1491	1292	6125	751.897
Blon_2394	741	542	2341	685.041
Blon_2395	705	506	228	71.4659
Blon_2396	861	662	1315	315.052
Blon_2397	2235	2036	3654	284.646
Blon_2398	960	761	258	53.7712
Blon_2399	1146	947	39	6.53174
Blon_2400	1443	1244	69	8.79718
Blon_2401	1020	821	59	11.3979
Blon_2402	696	497	27	8.61632
Blon_2403	876	677	61	14.2908
Blon_2404	708	509	10	3.116
Blon_2406	1071	872	209	38.0141
Blon_2407	1809	1610	1181	116.343
Blon_2408	1911	1712	1871	173.334
Blon_2409	1398	1199	136	17.9901
Blon_2410	1317	1118	174	24.6844
Blon_2411	981	782	149	30.22
Blon_2412	876	677	118	27.6444
Blon_2413	960	761	174	36.2643
Blon_2414	1248	1049	1823	275.63
Blon_2415	1047	848	175	32.7308
Blon_2416	2121	1922	203	16.7516
Blon_2417	1371	1172	143	19.3519
Blon_2418	1422	1223	583	75.6061
Blon_2419	1734	1535	3905	403.485
Blon_2420	2139	1940	1108	90.5842
Blon_2421	999	800	380	75.337
Blon_2422	984	785	354	71.5234
Blon_2423	1512	1313	1318	159.208
Blon_2424	1071	872	28	5.09279
Blon_2425	297	98.0001	34	55.0259
Blon_2426	1866	1667	3871	368.3
Blon_2427	246	47.5399	1	3.33623
Blon_2428	648	449	37	13.0698
Blon_2429	378	179	37	32.7841
Blon_2430	1056	857	478	88.463
Blon_2431	1137	938	224.082	37.8894
Blon_R0087	76	3.6135	0	0
Blon_2432	1026	827	328	62.9047
Blon_2433	1839	1640	1383	133.75
Blon_2434	1872	1673	1255	118.977
Blon_2435	531	332	242	115.609
Blon_2436	1524	1325	477	57.0975
Blon_2437	3621	3422	631	29.2458
Blon_2438	702	503	122	38.4686
Blon_2439	1551	1352	697	81.7656
Blon_2440	636	437	180	65.3289
Blon_2441	843	644	498	122.647
Blon_2442	855	656	557	134.668
Blon_2443	1017	818	316	61.2701
Blon_2444	1347	1148	3773	521.266
Blon_2445	714	515	511	157.372
Blon_2446	378	179	346	306.576
Blon_2447	765	566	1235	346.071
Blon_2448	2757	2558	1420	88.0445
Blon_2449	2340	2141	1854	137.343
Blon_2450	207	19.5103	96	780.409
Blon_R0088	116	4.87155	0	0
Blon_R0089	2858	2659	102273	6100.37
Blon_R0090	1519	1320	55	6.60851
Blon_R0091	116	4.87155	0	0
Blon_R0092	2858	2659	102273	6100.37
Blon_R0093	1519	1320	55	6.60851
Blon_2451	756	557	231	65.7766
Blon_2452	1266	1067	1156	171.834
Blon_2453	1827	1628	666	64.8835
Blon_2454	612	413	80	30.7224
Blon_2455	450	251	8	5.05511
Blon_2456	867	668	169	40.1259
Blon_2457	951	752	118	24.8874
Blon_2458	1290	1091	299	43.4671
Blon_2459	1209	1010	302	47.4242
Blon_2460	2304	2105	1979	149.111
Blon_2461	477	278	235	134.072
Blon_2462	2070	1871	475	40.2656
Blon_2463	759	560	143	40.5007
Blon_2464	867	668	293	69.5674
Blon_2465	582	383	270	111.81
Blon_2466	1617	1418	807	90.2634
Blon_2467	1458	1259	1465	184.555
Blon_2468	1638	1439	203	22.3743
Blon_2469	2988	2789	3202	182.091
Blon_2470	513	314	134	67.6846
Blon_2471	1539	1340	578	68.4128
Blon_2472	1215	1016	168	26.2259
Blon_2473	1002	803	1535	303.185
Blon_2474	1413	1214	1814	236.992
Blon_2475	1128	929	18297	3123.77
Blon_2476	1176	977	370	60.065
Blon_2477	993	794	445	88.8902
Blon_2478	2196	1997	1122	89.1106
Blon_2479	453	254	243	151.735
Blon_2480	267	68.0268	93	216.829
Blon_2481	2241	2042	1149	89.244
Blon_2482	969	770	549	113.083
Blon_R0094	74	3.56892	0	0
Blon_2483	1533	1334	1286	152.897
Blon_2484	924	725	606	132.571
Blon_2485	951	752	593	125.07
Blon_2486	630	431	831	305.801
Blon_2487	1416	1217	823	107.257
Blon_2488	1293	1094	1216	176.291
Blon_2489	2199	2000	1874	148.612
Blon_2490	3873	3674	4366	188.477
Blon_2491	1020	821	1099	212.309
Blon_2492	1362	1163	949	129.42
Blon_2493	972	773	583	119.62
Blon_2494	684	485	305	99.7408
Blon_2495	534	335	459	217.311
Blon_2496	1008	809	1968	385.826
Blon_2497	318	119	305	406.506
Blon_2498	360	161	1618	1593.92
